#
# There is insufficient memory for the Java Runtime Environment to continue.
# Native memory allocation (malloc) failed to allocate 1882632 bytes. Error detail: Chunk::new
# Possible reasons:
#   The system is out of physical RAM or swap space
#   This process is running with CompressedOops enabled, and the Java Heap may be blocking the growth of the native heap
# Possible solutions:
#   Reduce memory load on the system
#   Increase physical memory or swap space
#   Check if swap backing store is full
#   Decrease Java heap size (-Xmx/-Xms)
#   Decrease number of Java threads
#   Decrease Java thread stack sizes (-Xss)
#   Set larger code cache with -XX:ReservedCodeCacheSize=
#   JVM is running with Unscaled Compressed Oops mode in which the Java heap is
#     placed in the first 4GB address space. The Java Heap base address is the
#     maximum limit for the native heap growth. Please use -XX:HeapBaseMinAddress
#     to set the Java Heap base and to place the Java Heap above 4GB virtual address.
# This output file may be truncated or incomplete.
#
#  Out of Memory Error (arena.cpp:186), pid=59936, tid=55264
#
# JRE version: OpenJDK Runtime Environment (25.0.3) (build 25.0.3+-15898627-b508.16)
# Java VM: OpenJDK 64-Bit Server VM (25.0.3+-15898627-b508.16, mixed mode, tiered, compressed oops, compressed class ptrs, g1 gc, windows-amd64)
# No core dump will be written. Minidumps are not enabled by default on client versions of Windows
#

---------------  S U M M A R Y ------------

Command Line: --add-opens=java.base/java.lang=ALL-UNNAMED --add-opens=java.base/java.lang.invoke=ALL-UNNAMED --add-opens=java.base/java.util=ALL-UNNAMED --add-opens=java.prefs/java.util.prefs=ALL-UNNAMED --add-exports=jdk.compiler/com.sun.tools.javac.api=ALL-UNNAMED --add-exports=jdk.compiler/com.sun.tools.javac.util=ALL-UNNAMED --add-opens=java.base/java.nio.charset=ALL-UNNAMED --add-opens=java.base/java.net=ALL-UNNAMED --add-opens=java.base/java.util.concurrent=ALL-UNNAMED --add-opens=java.base/java.util.concurrent.atomic=ALL-UNNAMED --add-opens=java.xml/javax.xml.namespace=ALL-UNNAMED --add-opens=java.base/java.time=ALL-UNNAMED --enable-native-access=ALL-UNNAMED -Xmx2048m -Dfile.encoding=UTF-8 -Duser.country=US -Duser.language=en -Duser.variant -javaagent:C:\Users\ADMIN\.gradle\wrapper\dists\gradle-9.5.0-bin\bvnork1r7n8i6kp5cnkibsc9q\gradle-9.5.0\lib\agents\gradle-instrumentation-agent-9.5.0.jar org.gradle.launcher.daemon.bootstrap.GradleDaemon 9.5.0

Host: 12th Gen Intel(R) Core(TM) i5-12450HX, 12 cores, 23G,  Windows 11 , 64 bit Build 26100 (10.0.26100.9444)
Time: Tue Oct  6 11:48:40 2026 SE Asia Standard Time elapsed time: 16.031266 seconds (0d 0h 0m 16s)

---------------  T H R E A D  ---------------

Current thread (0x000002087e977400):  JavaThread "C2 CompilerThread2" daemon [_thread_in_native, id=55264, stack(0x00000050da600000,0x00000050da700000) (1024K)]


Current CompileTask:
C2:16031 13914   !   4       com.sun.tools.javac.jvm.ClassReader::classSigToType (530 bytes)

Stack: [0x00000050da600000,0x00000050da700000]
Native frames: (J=compiled Java code, j=interpreted, Vv=VM code, C=native code)
V  [jvm.dll+0x7bf039]  (no source info available)
V  [jvm.dll+0x78912d]  (no source info available)
V  [jvm.dll+0xa0e615]  (no source info available)
V  [jvm.dll+0xa10c94]  (no source info available)
V  [jvm.dll+0xa11393]  (no source info available)
V  [jvm.dll+0x30a116]  (no source info available)
V  [jvm.dll+0x10eda9]  (no source info available)
V  [jvm.dll+0x10f0d2]  (no source info available)
V  [jvm.dll+0x45e4ef]  (no source info available)
V  [jvm.dll+0x42c8db]  (no source info available)
V  [jvm.dll+0x42bd0a]  (no source info available)
V  [jvm.dll+0x2ce2c2]  (no source info available)
V  [jvm.dll+0x2cd641]  (no source info available)
V  [jvm.dll+0x24334a]  (no source info available)
V  [jvm.dll+0x2dd025]  (no source info available)
V  [jvm.dll+0x2db226]  (no source info available)
V  [jvm.dll+0x49c12e]  (no source info available)
V  [jvm.dll+0x9ad738]  (no source info available)
V  [jvm.dll+0x7bd585]  (no source info available)
C  [ucrtbase.dll+0x2cd30]  (no source info available)
C  [KERNEL32.DLL+0x2cd87]  (no source info available)
C  [ntdll.dll+0xacaec]  (no source info available)

Lock stack of current Java thread (top to bottom):


---------------  P R O C E S S  ---------------

Threads class SMR info:
_java_thread_list=0x0000020810095a40, length=73, elements={
0x000002086ee0bf70, 0x0000020877ce0b30, 0x0000020877cee3d0, 0x0000020877ce3af0,
0x000002087c025910, 0x000002087c026af0, 0x000002087c019c40, 0x000002087c01ef70,
0x000002087c028800, 0x000002087c02dfd0, 0x000002087c01d030, 0x000002087ca2ac00,
0x000002087ca29c60, 0x000002087ca27550, 0x000002087e6e75c0, 0x000002087e6e6620,
0x000002087e6e5e50, 0x000002087e6e8560, 0x000002087e6e9cd0, 0x000002087e6ea4a0,
0x000002087e6eb440, 0x000002087ea93f90, 0x000002087ea95700, 0x000002087ea94f30,
0x000002087ea96e70, 0x000002087ea98db0, 0x000002087ea9a520, 0x000002087f3cce10,
0x000002087f3caed0, 0x000002087d371d00, 0x000002087e977400, 0x000002087f3cddb0,
0x000002087f3ce580, 0x000002087f3cf520, 0x000002087f3d04c0, 0x000002087fbbc060,
0x000002087fbbfee0, 0x000002087fbc06b0, 0x000002087fbc1650, 0x000002087fbbf710,
0x00000208115ba650, 0x00000208115b8ee0, 0x00000208115bb5f0, 0x00000208115bbdc0,
0x00000208115bcd60, 0x00000208115bd530, 0x00000208115bdd00, 0x00000208115beca0,
0x000002087e59e020, 0x000002087e59d850, 0x000002087e59b910, 0x000002087e59c0e0,
0x000002087e5a0f00, 0x000002087e59e7f0, 0x000002087f7541c0, 0x000002087f750b10,
0x000002087f752280, 0x000002087f751ab0, 0x000002087f752a50, 0x000002087f7539f0,
0x000002087f753220, 0x000002087f7512e0, 0x000002087fb725e0, 0x000002087fb73580,
0x000002087fb79b10, 0x0000020811e02480, 0x0000020811e01cb0, 0x0000020811dffd70,
0x0000020811dfd660, 0x0000020811e05360, 0x0000020811dfe600, 0x0000020811e08240,
0x0000020811e04b90
}

Java Threads: ( => current thread )
  0x000002086ee0bf70 JavaThread "main"                              [_thread_blocked, id=35156, stack(0x00000050d7600000,0x00000050d7700000) (1024K)]
  0x0000020877ce0b30 JavaThread "Common-Cleaner"             daemon [_thread_blocked, id=32756, stack(0x00000050d7e00000,0x00000050d7f00000) (1024K)]
  0x0000020877cee3d0 JavaThread "Reference Handler"          daemon [_thread_blocked, id=59912, stack(0x00000050d7f00000,0x00000050d8000000) (1024K)]
  0x0000020877ce3af0 JavaThread "Finalizer"                  daemon [_thread_blocked, id=59600, stack(0x00000050d8000000,0x00000050d8100000) (1024K)]
  0x000002087c025910 JavaThread "Signal Dispatcher"          daemon [_thread_blocked, id=35024, stack(0x00000050d8100000,0x00000050d8200000) (1024K)]
  0x000002087c026af0 JavaThread "Attach Listener"            daemon [_thread_blocked, id=59908, stack(0x00000050d8200000,0x00000050d8300000) (1024K)]
  0x000002087c019c40 JavaThread "Service Thread"             daemon [_thread_blocked, id=51024, stack(0x00000050d8300000,0x00000050d8400000) (1024K)]
  0x000002087c01ef70 JavaThread "Monitor Deflation Thread"   daemon [_thread_blocked, id=58180, stack(0x00000050d8400000,0x00000050d8500000) (1024K)]
  0x000002087c028800 JavaThread "C2 CompilerThread0"         daemon [_thread_in_vm, id=26164, stack(0x00000050d8500000,0x00000050d8600000) (1024K)]
  0x000002087c02dfd0 JavaThread "C1 CompilerThread0"         daemon [_thread_in_vm, id=59168, stack(0x00000050d8600000,0x00000050d8700000) (1024K)]
  0x000002087c01d030 JavaThread "Notification Thread"        daemon [_thread_blocked, id=59564, stack(0x00000050d8700000,0x00000050d8800000) (1024K)]
  0x000002087ca2ac00 JavaThread "Daemon health stats"               [_thread_blocked, id=26240, stack(0x00000050d9200000,0x00000050d9300000) (1024K)]
  0x000002087ca29c60 JavaThread "Incoming local TCP Connector on port 59196"        [_thread_in_native, id=50544, stack(0x00000050d8900000,0x00000050d8a00000) (1024K)]
  0x000002087ca27550 JavaThread "Daemon periodic checks"            [_thread_blocked, id=56328, stack(0x00000050d9300000,0x00000050d9400000) (1024K)]
  0x000002087e6e75c0 JavaThread "Daemon"                            [_thread_blocked, id=58672, stack(0x00000050d9700000,0x00000050d9800000) (1024K)]
  0x000002087e6e6620 JavaThread "Handler for socket connection from /127.0.0.1:59196 to /127.0.0.1:59197"        [_thread_in_native, id=48484, stack(0x00000050d9800000,0x00000050d9900000) (1024K)]
  0x000002087e6e5e50 JavaThread "Cancel handler"                    [_thread_blocked, id=59844, stack(0x00000050d9900000,0x00000050d9a00000) (1024K)]
  0x000002087e6e8560 JavaThread "Daemon worker"                     [_thread_blocked, id=60108, stack(0x00000050d9a00000,0x00000050d9b00000) (1024K)]
  0x000002087e6e9cd0 JavaThread "Asynchronous log dispatcher for DefaultDaemonConnection: socket connection from /127.0.0.1:59196 to /127.0.0.1:59197"        [_thread_blocked, id=51784, stack(0x00000050d9b00000,0x00000050d9c00000) (1024K)]
  0x000002087e6ea4a0 JavaThread "Stdin handler"                     [_thread_blocked, id=10616, stack(0x00000050d9c00000,0x00000050d9d00000) (1024K)]
  0x000002087e6eb440 JavaThread "Daemon client event forwarder"        [_thread_blocked, id=50552, stack(0x00000050d9d00000,0x00000050d9e00000) (1024K)]
  0x000002087ea93f90 JavaThread "Cache worker for journal cache (C:\Users\ADMIN\.gradle\caches\journal-1)"        [_thread_blocked, id=60268, stack(0x00000050d9e00000,0x00000050d9f00000) (1024K)]
  0x000002087ea95700 JavaThread "File lock request listener"        [_thread_in_native, id=19304, stack(0x00000050d9f00000,0x00000050da000000) (1024K)]
  0x000002087ea94f30 JavaThread "Cache worker for file hash cache (C:\Users\ADMIN\.gradle\caches\9.5.0\fileHashes)"        [_thread_blocked, id=59720, stack(0x00000050da000000,0x00000050da100000) (1024K)]
  0x000002087ea96e70 JavaThread "File lock release action executor"        [_thread_blocked, id=57468, stack(0x00000050da100000,0x00000050da200000) (1024K)]
  0x000002087ea98db0 JavaThread "Cache worker for file hash cache (D:\ROOMLYAPP\Mobile-Development-Ptit\Frontend-Mobile-App\.gradle\9.5.0\fileHashes)"        [_thread_blocked, id=59284, stack(0x00000050da300000,0x00000050da400000) (1024K)]
  0x000002087ea9a520 JavaThread "Cache worker for checksums cache (D:\ROOMLYAPP\Mobile-Development-Ptit\Frontend-Mobile-App\.gradle\9.5.0\checksums)"        [_thread_blocked, id=56276, stack(0x00000050da400000,0x00000050da500000) (1024K)]
  0x000002087f3cce10 JavaThread "Cache worker for Build Output Cleanup Cache (D:\ROOMLYAPP\Mobile-Development-Ptit\Frontend-Mobile-App\.gradle\buildOutputCleanup)"        [_thread_blocked, id=54304, stack(0x00000050da500000,0x00000050da600000) (1024K)]
  0x000002087f3caed0 JavaThread "Cache worker for file content cache (C:\Users\ADMIN\.gradle\caches\9.5.0\fileContent)"        [_thread_blocked, id=59352, stack(0x00000050d8800000,0x00000050d8900000) (1024K)]
  0x000002087d371d00 JavaThread "C2 CompilerThread1"         daemon [_thread_in_native, id=57420, stack(0x00000050da200000,0x00000050da300000) (1024K)]
=>0x000002087e977400 JavaThread "C2 CompilerThread2"         daemon [_thread_in_native, id=55264, stack(0x00000050da600000,0x00000050da700000) (1024K)]
  0x000002087f3cddb0 JavaThread "File watcher server"        daemon [_thread_in_native, id=59136, stack(0x00000050da700000,0x00000050da800000) (1024K)]
  0x000002087f3ce580 JavaThread "File watcher consumer"      daemon [_thread_blocked, id=58060, stack(0x00000050da800000,0x00000050da900000) (1024K)]
  0x000002087f3cf520 JavaThread "Cache worker for cache directory md-supplier (C:\Users\ADMIN\.gradle\caches\9.5.0\md-supplier)"        [_thread_blocked, id=47444, stack(0x00000050da900000,0x00000050daa00000) (1024K)]
  0x000002087f3d04c0 JavaThread "Cache worker for cache directory md-rule (C:\Users\ADMIN\.gradle\caches\9.5.0\md-rule)"        [_thread_blocked, id=59620, stack(0x00000050daa00000,0x00000050dab00000) (1024K)]
  0x000002087fbbc060 JavaThread "build event listener"              [_thread_blocked, id=34916, stack(0x00000050dac00000,0x00000050dad00000) (1024K)]
  0x000002087fbbfee0 JavaThread "build event listener"              [_thread_blocked, id=56948, stack(0x00000050dad00000,0x00000050dae00000) (1024K)]
  0x000002087fbc06b0 JavaThread "build event listener"              [_thread_blocked, id=18420, stack(0x00000050dae00000,0x00000050daf00000) (1024K)]
  0x000002087fbc1650 JavaThread "Build operations"                  [_thread_blocked, id=46988, stack(0x00000050daf00000,0x00000050db000000) (1024K)]
  0x000002087fbbf710 JavaThread "Memory manager"                    [_thread_blocked, id=59328, stack(0x00000050dab00000,0x00000050dac00000) (1024K)]
  0x00000208115ba650 JavaThread "included builds"                   [_thread_blocked, id=58776, stack(0x00000050db000000,0x00000050db100000) (1024K)]
  0x00000208115b8ee0 JavaThread "Execution worker"                  [_thread_blocked, id=60284, stack(0x00000050db100000,0x00000050db200000) (1024K)]
  0x00000208115bb5f0 JavaThread "Execution worker Thread 2"         [_thread_blocked, id=58996, stack(0x00000050db200000,0x00000050db300000) (1024K)]
  0x00000208115bbdc0 JavaThread "Execution worker Thread 3"         [_thread_blocked, id=59772, stack(0x00000050db300000,0x00000050db400000) (1024K)]
  0x00000208115bcd60 JavaThread "Execution worker Thread 4"         [_thread_blocked, id=57024, stack(0x00000050db400000,0x00000050db500000) (1024K)]
  0x00000208115bd530 JavaThread "Execution worker Thread 5"         [_thread_in_Java, id=58492, stack(0x00000050db500000,0x00000050db600000) (1024K)]
  0x00000208115bdd00 JavaThread "Execution worker Thread 6"         [_thread_blocked, id=52512, stack(0x00000050db600000,0x00000050db700000) (1024K)]
  0x00000208115beca0 JavaThread "Execution worker Thread 7"         [_thread_blocked, id=54624, stack(0x00000050db700000,0x00000050db800000) (1024K)]
  0x000002087e59e020 JavaThread "Execution worker Thread 8"         [_thread_blocked, id=53484, stack(0x00000050db800000,0x00000050db900000) (1024K)]
  0x000002087e59d850 JavaThread "Execution worker Thread 9"         [_thread_blocked, id=60156, stack(0x00000050db900000,0x00000050dba00000) (1024K)]
  0x000002087e59b910 JavaThread "Execution worker Thread 10"        [_thread_blocked, id=59992, stack(0x00000050dba00000,0x00000050dbb00000) (1024K)]
  0x000002087e59c0e0 JavaThread "Execution worker Thread 11"        [_thread_blocked, id=25864, stack(0x00000050dbb00000,0x00000050dbc00000) (1024K)]
  0x000002087e5a0f00 JavaThread "Cache worker for execution history cache (D:\ROOMLYAPP\Mobile-Development-Ptit\Frontend-Mobile-App\.gradle\9.5.0\executionHistory)"        [_thread_blocked, id=53804, stack(0x00000050dbc00000,0x00000050dbd00000) (1024K)]
  0x000002087e59e7f0 JavaThread "Build operations Thread 2"         [_thread_blocked, id=39084, stack(0x00000050dbd00000,0x00000050dbe00000) (1024K)]
  0x000002087f7541c0 JavaThread "Build operations Thread 5"         [_thread_blocked, id=54748, stack(0x00000050dbe00000,0x00000050dbf00000) (1024K)]
  0x000002087f750b10 JavaThread "Build operations Thread 3"         [_thread_blocked, id=56492, stack(0x00000050dbf00000,0x00000050dc000000) (1024K)]
  0x000002087f752280 JavaThread "Build operations Thread 4"         [_thread_blocked, id=31412, stack(0x00000050dc000000,0x00000050dc100000) (1024K)]
  0x000002087f751ab0 JavaThread "Build operations Thread 6"         [_thread_blocked, id=46300, stack(0x00000050dc100000,0x00000050dc200000) (1024K)]
  0x000002087f752a50 JavaThread "Build operations Thread 7"         [_thread_blocked, id=59976, stack(0x00000050dc200000,0x00000050dc300000) (1024K)]
  0x000002087f7539f0 JavaThread "Build operations Thread 11"        [_thread_blocked, id=60396, stack(0x00000050dc300000,0x00000050dc400000) (1024K)]
  0x000002087f753220 JavaThread "Build operations Thread 8"         [_thread_blocked, id=19660, stack(0x00000050dc400000,0x00000050dc500000) (1024K)]
  0x000002087f7512e0 JavaThread "Build operations Thread 9"         [_thread_blocked, id=55844, stack(0x00000050dc500000,0x00000050dc600000) (1024K)]
  0x000002087fb725e0 JavaThread "Build operations Thread 10"        [_thread_blocked, id=58100, stack(0x00000050dc600000,0x00000050dc700000) (1024K)]
  0x000002087fb73580 JavaThread "Build operations Thread 12"        [_thread_blocked, id=60404, stack(0x00000050dc700000,0x00000050dc800000) (1024K)]
  0x000002087fb79b10 JavaThread "pool-2-thread-1"                   [_thread_blocked, id=52236, stack(0x00000050dc800000,0x00000050dc900000) (1024K)]
  0x0000020811e02480 JavaThread "WorkerExecutor Queue"              [_thread_blocked, id=34540, stack(0x00000050dc900000,0x00000050dca00000) (1024K)]
  0x0000020811e01cb0 JavaThread "WorkerExecutor Queue Thread 2"        [_thread_blocked, id=56520, stack(0x00000050dca00000,0x00000050dcb00000) (1024K)]
  0x0000020811dffd70 JavaThread "WorkerExecutor Queue Thread 3"        [_thread_blocked, id=12188, stack(0x00000050dcb00000,0x00000050dcc00000) (1024K)]
  0x0000020811dfd660 JavaThread "WorkerExecutor Queue Thread 4"        [_thread_blocked, id=45676, stack(0x00000050dcc00000,0x00000050dcd00000) (1024K)]
  0x0000020811e05360 JavaThread "Cache worker for Java compile cache (C:\Users\ADMIN\.gradle\caches\9.5.0\javaCompile)"        [_thread_blocked, id=52292, stack(0x00000050dcd00000,0x00000050dce00000) (1024K)]
  0x0000020811dfe600 JavaThread "pool-3-thread-1"                   [_thread_blocked, id=60004, stack(0x00000050dce00000,0x00000050dcf00000) (1024K)]
  0x0000020811e08240 JavaThread "stderr"                            [_thread_in_native, id=56472, stack(0x00000050dcf00000,0x00000050dd000000) (1024K)]
  0x0000020811e04b90 JavaThread "stdout"                            [_thread_in_native, id=57224, stack(0x00000050dd000000,0x00000050dd100000) (1024K)]
Total: 73

Other Threads:
  0x0000020877cb6bf0 VMThread "VM Thread"                           [id=29252, stack(0x00000050d7d00000,0x00000050d7e00000) (1024K)]
  0x0000020877c71340 WatcherThread "VM Periodic Task Thread"        [id=30112, stack(0x00000050d7c00000,0x00000050d7d00000) (1024K)]
  0x000002086ee68e80 WorkerThread "GC Thread#0"                     [id=59688, stack(0x00000050d7700000,0x00000050d7800000) (1024K)]
  0x000002087d323850 WorkerThread "GC Thread#1"                     [id=59196, stack(0x00000050d8a00000,0x00000050d8b00000) (1024K)]
  0x000002087d409fc0 WorkerThread "GC Thread#2"                     [id=59900, stack(0x00000050d8b00000,0x00000050d8c00000) (1024K)]
  0x000002087d40a3f0 WorkerThread "GC Thread#3"                     [id=55408, stack(0x00000050d8c00000,0x00000050d8d00000) (1024K)]
  0x000002087d40a820 WorkerThread "GC Thread#4"                     [id=24480, stack(0x00000050d8d00000,0x00000050d8e00000) (1024K)]
  0x000002087d40ac50 WorkerThread "GC Thread#5"                     [id=57684, stack(0x00000050d8e00000,0x00000050d8f00000) (1024K)]
  0x000002087d2e6af0 WorkerThread "GC Thread#6"                     [id=57052, stack(0x00000050d8f00000,0x00000050d9000000) (1024K)]
  0x000002087d2e8d70 WorkerThread "GC Thread#7"                     [id=56924, stack(0x00000050d9000000,0x00000050d9100000) (1024K)]
  0x000002087d2e66a0 WorkerThread "GC Thread#8"                     [id=59716, stack(0x00000050d9100000,0x00000050d9200000) (1024K)]
  0x000002087de98ce0 WorkerThread "GC Thread#9"                     [id=59680, stack(0x00000050d9400000,0x00000050d9500000) (1024K)]
  0x000002086ee84e50 ConcurrentGCThread "G1 Main Marker"            [id=54712, stack(0x00000050d7800000,0x00000050d7900000) (1024K)]
  0x000002086ee86560 WorkerThread "G1 Conc#0"                       [id=51348, stack(0x00000050d7900000,0x00000050d7a00000) (1024K)]
  0x000002087de96610 WorkerThread "G1 Conc#1"                       [id=55436, stack(0x00000050d9500000,0x00000050d9600000) (1024K)]
  0x000002087de97750 WorkerThread "G1 Conc#2"                       [id=57116, stack(0x00000050d9600000,0x00000050d9700000) (1024K)]
  0x0000020877b38900 ConcurrentGCThread "G1 Refine#0"               [id=60252, stack(0x00000050d7a00000,0x00000050d7b00000) (1024K)]
  0x0000020877b39510 ConcurrentGCThread "G1 Service"                [id=55812, stack(0x00000050d7b00000,0x00000050d7c00000) (1024K)]
Total: 18

Threads with active compile tasks:
C2 CompilerThread0  16184 14577       4       com.sun.tools.javac.code.Type::accept (9 bytes)
C1 CompilerThread0  16184 14671   !   3       com.sun.tools.javac.jvm.ClassReader::readClassFile (595 bytes)
C2 CompilerThread1  16184 14196       4       com.sun.tools.javac.code.Symtab::enterClass (71 bytes)
C2 CompilerThread2  16184 13914   !   4       com.sun.tools.javac.jvm.ClassReader::classSigToType (530 bytes)
Total: 4

VM state: not at safepoint (normal execution)

VM Mutex/Monitor currently owned by a thread: None

Heap address: 0x0000000080000000, size: 2048 MB, Compressed Oops mode: 32-bit

CDS archive(s) not mapped
Compressed class space mapped at: 0x0000000038000000-0x0000000078000000, reserved size: 1073741824
UseCompressedClassPointers 1, UseCompactObjectHeaders 0
Narrow klass pointer bits 32, Max shift 3
Narrow klass base: 0x0000000000000000, Narrow klass shift: 0
Encoding Range: [0x0000000000000000 - 0x0000000100000000), (4294967296 bytes)
Klass Range:    [0x0000000038000000 - 0x0000000078000000), (1073741824 bytes)
Klass ID Range:  [939524096 - 2013265913) (1073741817)
No protection zone.

GC Precious Log:
 CardTable entry size: 512
 Card Set container configuration: InlinePtr #cards 5 size 8 Array Of Cards #cards 10 size 36 Howl #buckets 4 coarsen threshold 1843 Howl Bitmap #cards 512 size 80 coarsen threshold 460 Card regions per heap region 1 cards per card region 2048
 CPUs: 12 total, 12 available
 Memory: 24283M
 Large Page Support: Disabled
 NUMA Support: Disabled
 Compressed Oops: Enabled (32-bit)
 Heap Region Size: 1M
 Heap Min Capacity: 8M
 Heap Initial Capacity: 380M
 Heap Max Capacity: 2G
 Pre-touch: Disabled
 Parallel Workers: 10
 Concurrent Workers: 3
 Concurrent Refinement Workers: 10
 Periodic GC: Disabled

Heap:
 garbage-first heap   total reserved 2097152K, committed 184320K, used 121856K [0x0000000080000000, 0x0000000100000000)
  region size 1024K, 8 young (8192K), 7 survivors (7168K)

Heap Regions: E=young(eden), S=young(survivor), O=old, HS=humongous(starts), HC=humongous(continues), CS=collection set, F=free, TAMS=top-at-mark-start, PB=parsable bottom
|   0|0x0000000080000000, 0x0000000080100000, 0x0000000080100000|100%|HS|  |TAMS 0x0000000080100000| PB 0x0000000080000000| Complete |  0
|   1|0x0000000080100000, 0x0000000080200000, 0x0000000080200000|100%|HC|  |TAMS 0x0000000080200000| PB 0x0000000080100000| Complete |  0
|   2|0x0000000080200000, 0x0000000080300000, 0x0000000080300000|100%|HC|  |TAMS 0x0000000080300000| PB 0x0000000080200000| Complete |  0
|   3|0x0000000080300000, 0x0000000080400000, 0x0000000080400000|100%|HC|  |TAMS 0x0000000080400000| PB 0x0000000080300000| Complete |  0
|   4|0x0000000080400000, 0x0000000080500000, 0x0000000080500000|100%| O|  |TAMS 0x0000000080500000| PB 0x0000000080400000| Untracked |  0
|   5|0x0000000080500000, 0x0000000080600000, 0x0000000080600000|100%| O|  |TAMS 0x0000000080600000| PB 0x0000000080500000| Untracked |  0
|   6|0x0000000080600000, 0x0000000080700000, 0x0000000080700000|100%|HS|  |TAMS 0x0000000080700000| PB 0x0000000080600000| Complete |  0
|   7|0x0000000080700000, 0x0000000080800000, 0x0000000080800000|100%| O|  |TAMS 0x0000000080800000| PB 0x0000000080700000| Untracked |  0
|   8|0x0000000080800000, 0x0000000080900000, 0x0000000080900000|100%| O|  |TAMS 0x0000000080900000| PB 0x0000000080800000| Untracked |  0
|   9|0x0000000080900000, 0x0000000080a00000, 0x0000000080a00000|100%| O|  |TAMS 0x0000000080a00000| PB 0x0000000080900000| Untracked |  0
|  10|0x0000000080a00000, 0x0000000080b00000, 0x0000000080b00000|100%| O|  |TAMS 0x0000000080b00000| PB 0x0000000080a00000| Untracked |  0
|  11|0x0000000080b00000, 0x0000000080c00000, 0x0000000080c00000|100%| O|  |TAMS 0x0000000080c00000| PB 0x0000000080b00000| Untracked |  0
|  12|0x0000000080c00000, 0x0000000080d00000, 0x0000000080d00000|100%| O|  |TAMS 0x0000000080d00000| PB 0x0000000080c00000| Untracked |  0
|  13|0x0000000080d00000, 0x0000000080e00000, 0x0000000080e00000|100%| O|  |TAMS 0x0000000080e00000| PB 0x0000000080d00000| Untracked |  0
|  14|0x0000000080e00000, 0x0000000080f00000, 0x0000000080f00000|100%| O|  |TAMS 0x0000000080f00000| PB 0x0000000080e00000| Untracked |  0
|  15|0x0000000080f00000, 0x0000000081000000, 0x0000000081000000|100%| O|  |TAMS 0x0000000081000000| PB 0x0000000080f00000| Untracked |  0
|  16|0x0000000081000000, 0x0000000081100000, 0x0000000081100000|100%|HS|  |TAMS 0x0000000081100000| PB 0x0000000081000000| Complete |  0
|  17|0x0000000081100000, 0x0000000081200000, 0x0000000081200000|100%|HS|  |TAMS 0x0000000081200000| PB 0x0000000081100000| Complete |  0
|  18|0x0000000081200000, 0x0000000081300000, 0x0000000081300000|100%|HS|  |TAMS 0x0000000081300000| PB 0x0000000081200000| Complete |  0
|  19|0x0000000081300000, 0x0000000081400000, 0x0000000081400000|100%|HS|  |TAMS 0x0000000081400000| PB 0x0000000081300000| Complete |  0
|  20|0x0000000081400000, 0x0000000081500000, 0x0000000081500000|100%|HC|  |TAMS 0x0000000081500000| PB 0x0000000081400000| Complete |  0
|  21|0x0000000081500000, 0x0000000081600000, 0x0000000081600000|100%|HS|  |TAMS 0x0000000081600000| PB 0x0000000081500000| Complete |  0
|  22|0x0000000081600000, 0x0000000081700000, 0x0000000081700000|100%|HS|  |TAMS 0x0000000081700000| PB 0x0000000081600000| Complete |  0
|  23|0x0000000081700000, 0x0000000081800000, 0x0000000081800000|100%| O|  |TAMS 0x0000000081800000| PB 0x0000000081700000| Untracked |  0
|  24|0x0000000081800000, 0x0000000081900000, 0x0000000081900000|100%| O|  |TAMS 0x0000000081900000| PB 0x0000000081800000| Untracked |  0
|  25|0x0000000081900000, 0x0000000081a00000, 0x0000000081a00000|100%| O|  |TAMS 0x0000000081a00000| PB 0x0000000081900000| Untracked |  0
|  26|0x0000000081a00000, 0x0000000081b00000, 0x0000000081b00000|100%|HS|  |TAMS 0x0000000081b00000| PB 0x0000000081a00000| Complete |  0
|  27|0x0000000081b00000, 0x0000000081c00000, 0x0000000081c00000|100%| O|  |TAMS 0x0000000081c00000| PB 0x0000000081b00000| Untracked |  0
|  28|0x0000000081c00000, 0x0000000081d00000, 0x0000000081d00000|100%| O|  |TAMS 0x0000000081d00000| PB 0x0000000081c00000| Untracked |  0
|  29|0x0000000081d00000, 0x0000000081e00000, 0x0000000081e00000|100%|HS|  |TAMS 0x0000000081e00000| PB 0x0000000081d00000| Complete |  0
|  30|0x0000000081e00000, 0x0000000081f00000, 0x0000000081f00000|100%|HC|  |TAMS 0x0000000081f00000| PB 0x0000000081e00000| Complete |  0
|  31|0x0000000081f00000, 0x0000000082000000, 0x0000000082000000|100%| O|  |TAMS 0x0000000082000000| PB 0x0000000081f00000| Untracked |  0
|  32|0x0000000082000000, 0x0000000082100000, 0x0000000082100000|100%| O|  |TAMS 0x0000000082100000| PB 0x0000000082000000| Untracked |  0
|  33|0x0000000082100000, 0x0000000082200000, 0x0000000082200000|100%| O|  |TAMS 0x0000000082200000| PB 0x0000000082100000| Untracked |  0
|  34|0x0000000082200000, 0x0000000082300000, 0x0000000082300000|100%|HS|  |TAMS 0x0000000082300000| PB 0x0000000082200000| Complete |  0
|  35|0x0000000082300000, 0x0000000082400000, 0x0000000082400000|100%| O|  |TAMS 0x0000000082400000| PB 0x0000000082300000| Untracked |  0
|  36|0x0000000082400000, 0x0000000082500000, 0x0000000082500000|100%|HS|  |TAMS 0x0000000082500000| PB 0x0000000082400000| Complete |  0
|  37|0x0000000082500000, 0x0000000082600000, 0x0000000082600000|100%| O|  |TAMS 0x0000000082600000| PB 0x0000000082500000| Untracked |  0
|  38|0x0000000082600000, 0x0000000082700000, 0x0000000082700000|100%| O|  |TAMS 0x0000000082700000| PB 0x0000000082600000| Untracked |  0
|  39|0x0000000082700000, 0x0000000082800000, 0x0000000082800000|100%| O|  |TAMS 0x0000000082800000| PB 0x0000000082700000| Untracked |  0
|  40|0x0000000082800000, 0x0000000082900000, 0x0000000082900000|100%| O|  |TAMS 0x0000000082900000| PB 0x0000000082800000| Untracked |  0
|  41|0x0000000082900000, 0x0000000082a00000, 0x0000000082a00000|100%| O|  |TAMS 0x0000000082a00000| PB 0x0000000082900000| Untracked |  0
|  42|0x0000000082a00000, 0x0000000082b00000, 0x0000000082b00000|100%| O|  |TAMS 0x0000000082b00000| PB 0x0000000082a00000| Untracked |  0
|  43|0x0000000082b00000, 0x0000000082c00000, 0x0000000082c00000|100%| O|  |TAMS 0x0000000082c00000| PB 0x0000000082b00000| Untracked |  0
|  44|0x0000000082c00000, 0x0000000082d00000, 0x0000000082d00000|100%| O|  |TAMS 0x0000000082d00000| PB 0x0000000082c00000| Untracked |  0
|  45|0x0000000082d00000, 0x0000000082e00000, 0x0000000082e00000|100%| O|  |TAMS 0x0000000082e00000| PB 0x0000000082d00000| Untracked |  0
|  46|0x0000000082e00000, 0x0000000082f00000, 0x0000000082f00000|100%| O|  |TAMS 0x0000000082f00000| PB 0x0000000082e00000| Untracked |  0
|  47|0x0000000082f00000, 0x0000000083000000, 0x0000000083000000|100%| O|  |TAMS 0x0000000083000000| PB 0x0000000082f00000| Untracked |  0
|  48|0x0000000083000000, 0x0000000083100000, 0x0000000083100000|100%| O|  |TAMS 0x0000000083100000| PB 0x0000000083000000| Untracked |  0
|  49|0x0000000083100000, 0x0000000083200000, 0x0000000083200000|100%| O|  |TAMS 0x0000000083200000| PB 0x0000000083100000| Untracked |  0
|  50|0x0000000083200000, 0x0000000083300000, 0x0000000083300000|100%| O|  |TAMS 0x0000000083200000| PB 0x0000000083200000| Untracked |  0
|  51|0x0000000083300000, 0x0000000083400000, 0x0000000083400000|100%| O|  |TAMS 0x0000000083300000| PB 0x0000000083300000| Untracked |  0
|  52|0x0000000083400000, 0x0000000083500000, 0x0000000083500000|100%| O|  |TAMS 0x0000000083500000| PB 0x0000000083400000| Untracked |  0
|  53|0x0000000083500000, 0x0000000083600000, 0x0000000083600000|100%| O|  |TAMS 0x0000000083600000| PB 0x0000000083500000| Untracked |  0
|  54|0x0000000083600000, 0x0000000083700000, 0x0000000083700000|100%| O|  |TAMS 0x0000000083700000| PB 0x0000000083600000| Untracked |  0
|  55|0x0000000083700000, 0x0000000083800000, 0x0000000083800000|100%| O|  |TAMS 0x0000000083800000| PB 0x0000000083700000| Untracked |  0
|  56|0x0000000083800000, 0x0000000083900000, 0x0000000083900000|100%| O|  |TAMS 0x0000000083800000| PB 0x0000000083800000| Untracked |  0
|  57|0x0000000083900000, 0x0000000083a00000, 0x0000000083a00000|100%| O|  |TAMS 0x0000000083900000| PB 0x0000000083900000| Untracked |  0
|  58|0x0000000083a00000, 0x0000000083b00000, 0x0000000083b00000|100%| O|  |TAMS 0x0000000083b00000| PB 0x0000000083a00000| Untracked |  0
|  59|0x0000000083b00000, 0x0000000083c00000, 0x0000000083c00000|100%| O|  |TAMS 0x0000000083c00000| PB 0x0000000083b00000| Untracked |  0
|  60|0x0000000083c00000, 0x0000000083d00000, 0x0000000083d00000|100%| O|  |TAMS 0x0000000083d00000| PB 0x0000000083c00000| Untracked |  0
|  61|0x0000000083d00000, 0x0000000083e00000, 0x0000000083e00000|100%| O|  |TAMS 0x0000000083e00000| PB 0x0000000083d00000| Untracked |  0
|  62|0x0000000083e00000, 0x0000000083f00000, 0x0000000083f00000|100%| O|  |TAMS 0x0000000083f00000| PB 0x0000000083e00000| Untracked |  0
|  63|0x0000000083f00000, 0x0000000084000000, 0x0000000084000000|100%| O|  |TAMS 0x0000000083f00000| PB 0x0000000083f00000| Untracked |  0
|  64|0x0000000084000000, 0x0000000084100000, 0x0000000084100000|100%| O|  |TAMS 0x0000000084100000| PB 0x0000000084000000| Untracked |  0
|  65|0x0000000084100000, 0x0000000084200000, 0x0000000084200000|100%| O|  |TAMS 0x0000000084200000| PB 0x0000000084100000| Untracked |  0
|  66|0x0000000084200000, 0x0000000084300000, 0x0000000084300000|100%| O|  |TAMS 0x0000000084200000| PB 0x0000000084200000| Untracked |  0
|  67|0x0000000084300000, 0x0000000084400000, 0x0000000084400000|100%| O|  |TAMS 0x0000000084300000| PB 0x0000000084300000| Untracked |  0
|  68|0x0000000084400000, 0x0000000084500000, 0x0000000084500000|100%| O|  |TAMS 0x0000000084500000| PB 0x0000000084400000| Untracked |  0
|  69|0x0000000084500000, 0x0000000084500000, 0x0000000084600000|  0%| F|  |TAMS 0x0000000084500000| PB 0x0000000084500000| Untracked |  0
|  70|0x0000000084600000, 0x0000000084600000, 0x0000000084700000|  0%| F|  |TAMS 0x0000000084600000| PB 0x0000000084600000| Untracked |  0
|  71|0x0000000084700000, 0x0000000084700000, 0x0000000084800000|  0%| F|  |TAMS 0x0000000084700000| PB 0x0000000084700000| Untracked |  0
|  72|0x0000000084800000, 0x0000000084800000, 0x0000000084900000|  0%| F|  |TAMS 0x0000000084800000| PB 0x0000000084800000| Untracked |  0
|  73|0x0000000084900000, 0x0000000084a00000, 0x0000000084a00000|100%| O|  |TAMS 0x0000000084a00000| PB 0x0000000084900000| Untracked |  0
|  74|0x0000000084a00000, 0x0000000084b00000, 0x0000000084b00000|100%| O|  |TAMS 0x0000000084b00000| PB 0x0000000084a00000| Untracked |  0
|  75|0x0000000084b00000, 0x0000000084c00000, 0x0000000084c00000|100%| O|  |TAMS 0x0000000084c00000| PB 0x0000000084b00000| Untracked |  0
|  76|0x0000000084c00000, 0x0000000084d00000, 0x0000000084d00000|100%| O|  |TAMS 0x0000000084d00000| PB 0x0000000084c00000| Untracked |  0
|  77|0x0000000084d00000, 0x0000000084e00000, 0x0000000084e00000|100%| O|  |TAMS 0x0000000084e00000| PB 0x0000000084d00000| Untracked |  0
|  78|0x0000000084e00000, 0x0000000084e00000, 0x0000000084f00000|  0%| F|  |TAMS 0x0000000084e00000| PB 0x0000000084e00000| Untracked |  0
|  79|0x0000000084f00000, 0x0000000085000000, 0x0000000085000000|100%| O|  |TAMS 0x0000000085000000| PB 0x0000000084f00000| Untracked |  0
|  80|0x0000000085000000, 0x0000000085100000, 0x0000000085100000|100%| O|  |TAMS 0x0000000085100000| PB 0x0000000085000000| Untracked |  0
|  81|0x0000000085100000, 0x0000000085200000, 0x0000000085200000|100%| O|  |TAMS 0x0000000085200000| PB 0x0000000085100000| Untracked |  0
|  82|0x0000000085200000, 0x0000000085300000, 0x0000000085300000|100%| O|  |TAMS 0x0000000085300000| PB 0x0000000085200000| Untracked |  0
|  83|0x0000000085300000, 0x0000000085400000, 0x0000000085400000|100%| O|  |TAMS 0x0000000085400000| PB 0x0000000085300000| Untracked |  0
|  84|0x0000000085400000, 0x0000000085500000, 0x0000000085500000|100%|HS|  |TAMS 0x0000000085500000| PB 0x0000000085400000| Complete |  0
|  85|0x0000000085500000, 0x0000000085600000, 0x0000000085600000|100%|HC|  |TAMS 0x0000000085600000| PB 0x0000000085500000| Complete |  0
|  86|0x0000000085600000, 0x0000000085700000, 0x0000000085700000|100%| O|  |TAMS 0x0000000085700000| PB 0x0000000085600000| Untracked |  0
|  87|0x0000000085700000, 0x0000000085800000, 0x0000000085800000|100%|HS|  |TAMS 0x0000000085800000| PB 0x0000000085700000| Complete |  0
|  88|0x0000000085800000, 0x0000000085900000, 0x0000000085900000|100%|HC|  |TAMS 0x0000000085900000| PB 0x0000000085800000| Complete |  0
|  89|0x0000000085900000, 0x0000000085a00000, 0x0000000085a00000|100%| O|  |TAMS 0x0000000085a00000| PB 0x0000000085900000| Untracked |  0
|  90|0x0000000085a00000, 0x0000000085b00000, 0x0000000085b00000|100%| O|  |TAMS 0x0000000085b00000| PB 0x0000000085a00000| Untracked |  0
|  91|0x0000000085b00000, 0x0000000085c00000, 0x0000000085c00000|100%| O|  |TAMS 0x0000000085c00000| PB 0x0000000085b00000| Untracked |  0
|  92|0x0000000085c00000, 0x0000000085d00000, 0x0000000085d00000|100%| O|  |TAMS 0x0000000085d00000| PB 0x0000000085c00000| Untracked |  0
|  93|0x0000000085d00000, 0x0000000085e00000, 0x0000000085e00000|100%| O|  |TAMS 0x0000000085e00000| PB 0x0000000085d00000| Untracked |  0
|  94|0x0000000085e00000, 0x0000000085f00000, 0x0000000085f00000|100%| O|  |TAMS 0x0000000085f00000| PB 0x0000000085e00000| Untracked |  0
|  95|0x0000000085f00000, 0x0000000086000000, 0x0000000086000000|100%| O|  |TAMS 0x0000000086000000| PB 0x0000000085f00000| Untracked |  0
|  96|0x0000000086000000, 0x0000000086100000, 0x0000000086100000|100%| O|  |TAMS 0x0000000086100000| PB 0x0000000086000000| Untracked |  0
|  97|0x0000000086100000, 0x0000000086200000, 0x0000000086200000|100%| O|  |TAMS 0x0000000086200000| PB 0x0000000086100000| Untracked |  0
|  98|0x0000000086200000, 0x0000000086300000, 0x0000000086300000|100%| O|  |TAMS 0x0000000086300000| PB 0x0000000086200000| Untracked |  0
|  99|0x0000000086300000, 0x0000000086400000, 0x0000000086400000|100%| O|  |TAMS 0x0000000086400000| PB 0x0000000086300000| Untracked |  0
| 100|0x0000000086400000, 0x0000000086500000, 0x0000000086500000|100%| O|  |TAMS 0x0000000086500000| PB 0x0000000086400000| Untracked |  0
| 101|0x0000000086500000, 0x0000000086500000, 0x0000000086600000|  0%| F|  |TAMS 0x0000000086500000| PB 0x0000000086500000| Untracked |  0
| 102|0x0000000086600000, 0x0000000086600000, 0x0000000086700000|  0%| F|  |TAMS 0x0000000086600000| PB 0x0000000086600000| Untracked |  0
| 103|0x0000000086700000, 0x0000000086700000, 0x0000000086800000|  0%| F|  |TAMS 0x0000000086700000| PB 0x0000000086700000| Untracked |  0
| 104|0x0000000086800000, 0x0000000086800000, 0x0000000086900000|  0%| F|  |TAMS 0x0000000086800000| PB 0x0000000086800000| Untracked |  0
| 105|0x0000000086900000, 0x0000000086900000, 0x0000000086a00000|  0%| F|  |TAMS 0x0000000086900000| PB 0x0000000086900000| Untracked |  0
| 106|0x0000000086a00000, 0x0000000086a00000, 0x0000000086b00000|  0%| F|  |TAMS 0x0000000086a00000| PB 0x0000000086a00000| Untracked |  0
| 107|0x0000000086b00000, 0x0000000086c00000, 0x0000000086c00000|100%| S|CS|TAMS 0x0000000086b00000| PB 0x0000000086b00000| Complete |  0
| 108|0x0000000086c00000, 0x0000000086d00000, 0x0000000086d00000|100%| S|CS|TAMS 0x0000000086c00000| PB 0x0000000086c00000| Complete |  0
| 109|0x0000000086d00000, 0x0000000086e00000, 0x0000000086e00000|100%| S|CS|TAMS 0x0000000086d00000| PB 0x0000000086d00000| Complete |  0
| 110|0x0000000086e00000, 0x0000000086f00000, 0x0000000086f00000|100%| S|CS|TAMS 0x0000000086e00000| PB 0x0000000086e00000| Complete |  0
| 111|0x0000000086f00000, 0x0000000087000000, 0x0000000087000000|100%| S|CS|TAMS 0x0000000086f00000| PB 0x0000000086f00000| Complete |  0
| 112|0x0000000087000000, 0x0000000087100000, 0x0000000087100000|100%| S|CS|TAMS 0x0000000087000000| PB 0x0000000087000000| Complete |  0
| 113|0x0000000087100000, 0x0000000087200000, 0x0000000087200000|100%| S|CS|TAMS 0x0000000087100000| PB 0x0000000087100000| Complete |  0
| 114|0x0000000087200000, 0x0000000087200000, 0x0000000087300000|  0%| F|  |TAMS 0x0000000087200000| PB 0x0000000087200000| Untracked |  0
| 115|0x0000000087300000, 0x0000000087300000, 0x0000000087400000|  0%| F|  |TAMS 0x0000000087300000| PB 0x0000000087300000| Untracked |  0
| 116|0x0000000087400000, 0x0000000087400000, 0x0000000087500000|  0%| F|  |TAMS 0x0000000087400000| PB 0x0000000087400000| Untracked |  0
| 117|0x0000000087500000, 0x0000000087500000, 0x0000000087600000|  0%| F|  |TAMS 0x0000000087500000| PB 0x0000000087500000| Untracked |  0
| 118|0x0000000087600000, 0x0000000087600000, 0x0000000087700000|  0%| F|  |TAMS 0x0000000087600000| PB 0x0000000087600000| Untracked |  0
| 119|0x0000000087700000, 0x0000000087700000, 0x0000000087800000|  0%| F|  |TAMS 0x0000000087700000| PB 0x0000000087700000| Untracked |  0
| 120|0x0000000087800000, 0x0000000087800000, 0x0000000087900000|  0%| F|  |TAMS 0x0000000087800000| PB 0x0000000087800000| Untracked |  0
| 121|0x0000000087900000, 0x0000000087900000, 0x0000000087a00000|  0%| F|  |TAMS 0x0000000087900000| PB 0x0000000087900000| Untracked |  0
| 122|0x0000000087a00000, 0x0000000087a00000, 0x0000000087b00000|  0%| F|  |TAMS 0x0000000087a00000| PB 0x0000000087a00000| Untracked |  0
| 123|0x0000000087b00000, 0x0000000087b00000, 0x0000000087c00000|  0%| F|  |TAMS 0x0000000087b00000| PB 0x0000000087b00000| Untracked |  0
| 124|0x0000000087c00000, 0x0000000087c00000, 0x0000000087d00000|  0%| F|  |TAMS 0x0000000087c00000| PB 0x0000000087c00000| Untracked |  0
| 125|0x0000000087d00000, 0x0000000087d00000, 0x0000000087e00000|  0%| F|  |TAMS 0x0000000087d00000| PB 0x0000000087d00000| Untracked |  0
| 126|0x0000000087e00000, 0x0000000087e00000, 0x0000000087f00000|  0%| F|  |TAMS 0x0000000087e00000| PB 0x0000000087e00000| Untracked |  0
| 127|0x0000000087f00000, 0x0000000087f00000, 0x0000000088000000|  0%| F|  |TAMS 0x0000000087f00000| PB 0x0000000087f00000| Untracked |  0
| 128|0x0000000088000000, 0x0000000088000000, 0x0000000088100000|  0%| F|  |TAMS 0x0000000088000000| PB 0x0000000088000000| Untracked |  0
| 129|0x0000000088100000, 0x0000000088100000, 0x0000000088200000|  0%| F|  |TAMS 0x0000000088100000| PB 0x0000000088100000| Untracked |  0
| 130|0x0000000088200000, 0x0000000088200000, 0x0000000088300000|  0%| F|  |TAMS 0x0000000088200000| PB 0x0000000088200000| Untracked |  0
| 131|0x0000000088300000, 0x0000000088300000, 0x0000000088400000|  0%| F|  |TAMS 0x0000000088300000| PB 0x0000000088300000| Untracked |  0
| 132|0x0000000088400000, 0x0000000088400000, 0x0000000088500000|  0%| F|  |TAMS 0x0000000088400000| PB 0x0000000088400000| Untracked |  0
| 133|0x0000000088500000, 0x0000000088500000, 0x0000000088600000|  0%| F|  |TAMS 0x0000000088500000| PB 0x0000000088500000| Untracked |  0
| 134|0x0000000088600000, 0x0000000088600000, 0x0000000088700000|  0%| F|  |TAMS 0x0000000088600000| PB 0x0000000088600000| Untracked |  0
| 135|0x0000000088700000, 0x0000000088700000, 0x0000000088800000|  0%| F|  |TAMS 0x0000000088700000| PB 0x0000000088700000| Untracked |  0
| 136|0x0000000088800000, 0x0000000088800000, 0x0000000088900000|  0%| F|  |TAMS 0x0000000088800000| PB 0x0000000088800000| Untracked |  0
| 304|0x0000000093000000, 0x0000000093000000, 0x0000000093100000|  0%| F|  |TAMS 0x0000000093000000| PB 0x0000000093000000| Untracked |  0
| 305|0x0000000093100000, 0x0000000093100000, 0x0000000093200000|  0%| F|  |TAMS 0x0000000093100000| PB 0x0000000093100000| Untracked |  0
| 306|0x0000000093200000, 0x0000000093200000, 0x0000000093300000|  0%| F|  |TAMS 0x0000000093200000| PB 0x0000000093200000| Untracked |  0
| 307|0x0000000093300000, 0x0000000093300000, 0x0000000093400000|  0%| F|  |TAMS 0x0000000093300000| PB 0x0000000093300000| Untracked |  0
| 308|0x0000000093400000, 0x0000000093400000, 0x0000000093500000|  0%| F|  |TAMS 0x0000000093400000| PB 0x0000000093400000| Untracked |  0
| 309|0x0000000093500000, 0x0000000093500000, 0x0000000093600000|  0%| F|  |TAMS 0x0000000093500000| PB 0x0000000093500000| Untracked |  0
| 310|0x0000000093600000, 0x0000000093600000, 0x0000000093700000|  0%| F|  |TAMS 0x0000000093600000| PB 0x0000000093600000| Untracked |  0
| 311|0x0000000093700000, 0x0000000093700000, 0x0000000093800000|  0%| F|  |TAMS 0x0000000093700000| PB 0x0000000093700000| Untracked |  0
| 312|0x0000000093800000, 0x0000000093800000, 0x0000000093900000|  0%| F|  |TAMS 0x0000000093800000| PB 0x0000000093800000| Untracked |  0
| 313|0x0000000093900000, 0x0000000093900000, 0x0000000093a00000|  0%| F|  |TAMS 0x0000000093900000| PB 0x0000000093900000| Untracked |  0
| 314|0x0000000093a00000, 0x0000000093a00000, 0x0000000093b00000|  0%| F|  |TAMS 0x0000000093a00000| PB 0x0000000093a00000| Untracked |  0
| 315|0x0000000093b00000, 0x0000000093b00000, 0x0000000093c00000|  0%| F|  |TAMS 0x0000000093b00000| PB 0x0000000093b00000| Untracked |  0
| 316|0x0000000093c00000, 0x0000000093c00000, 0x0000000093d00000|  0%| F|  |TAMS 0x0000000093c00000| PB 0x0000000093c00000| Untracked |  0
| 317|0x0000000093d00000, 0x0000000093d00000, 0x0000000093e00000|  0%| F|  |TAMS 0x0000000093d00000| PB 0x0000000093d00000| Untracked |  0
| 379|0x0000000097b00000, 0x0000000097b00000, 0x0000000097c00000|  0%| F|  |TAMS 0x0000000097b00000| PB 0x0000000097b00000| Untracked |  0
|2020|0x00000000fe400000, 0x00000000fe500000, 0x00000000fe500000|100%| O|  |TAMS 0x00000000fe49f870| PB 0x00000000fe400000| Untracked |  0
|2021|0x00000000fe500000, 0x00000000fe600000, 0x00000000fe600000|100%| O|  |TAMS 0x00000000fe600000| PB 0x00000000fe500000| Untracked |  0
|2022|0x00000000fe600000, 0x00000000fe700000, 0x00000000fe700000|100%| O|  |TAMS 0x00000000fe700000| PB 0x00000000fe600000| Untracked |  0
|2023|0x00000000fe700000, 0x00000000fe800000, 0x00000000fe800000|100%| O|  |TAMS 0x00000000fe800000| PB 0x00000000fe700000| Untracked |  0
|2024|0x00000000fe800000, 0x00000000fe800000, 0x00000000fe900000|  0%| F|  |TAMS 0x00000000fe800000| PB 0x00000000fe800000| Untracked |  0
|2025|0x00000000fe900000, 0x00000000fe900000, 0x00000000fea00000|  0%| F|  |TAMS 0x00000000fe900000| PB 0x00000000fe900000| Untracked |  0
|2026|0x00000000fea00000, 0x00000000fea00000, 0x00000000feb00000|  0%| F|  |TAMS 0x00000000fea00000| PB 0x00000000fea00000| Untracked |  0
|2027|0x00000000feb00000, 0x00000000feb00000, 0x00000000fec00000|  0%| F|  |TAMS 0x00000000feb00000| PB 0x00000000feb00000| Untracked |  0
|2028|0x00000000fec00000, 0x00000000fec00000, 0x00000000fed00000|  0%| F|  |TAMS 0x00000000fec00000| PB 0x00000000fec00000| Untracked |  0
|2029|0x00000000fed00000, 0x00000000fed00000, 0x00000000fee00000|  0%| F|  |TAMS 0x00000000fed00000| PB 0x00000000fed00000| Untracked |  0
|2030|0x00000000fee00000, 0x00000000fee00000, 0x00000000fef00000|  0%| F|  |TAMS 0x00000000fee00000| PB 0x00000000fee00000| Untracked |  0
|2031|0x00000000fef00000, 0x00000000fef00000, 0x00000000ff000000|  0%| F|  |TAMS 0x00000000fef00000| PB 0x00000000fef00000| Untracked |  0
|2032|0x00000000ff000000, 0x00000000ff000000, 0x00000000ff100000|  0%| F|  |TAMS 0x00000000ff000000| PB 0x00000000ff000000| Untracked |  0
|2033|0x00000000ff100000, 0x00000000ff100000, 0x00000000ff200000|  0%| F|  |TAMS 0x00000000ff100000| PB 0x00000000ff100000| Untracked |  0
|2034|0x00000000ff200000, 0x00000000ff300000, 0x00000000ff300000|100%| O|  |TAMS 0x00000000ff300000| PB 0x00000000ff200000| Untracked |  0
|2035|0x00000000ff300000, 0x00000000ff400000, 0x00000000ff400000|100%| O|  |TAMS 0x00000000ff400000| PB 0x00000000ff300000| Untracked |  0
|2036|0x00000000ff400000, 0x00000000ff500000, 0x00000000ff500000|100%| O|  |TAMS 0x00000000ff500000| PB 0x00000000ff400000| Untracked |  0
|2037|0x00000000ff500000, 0x00000000ff600000, 0x00000000ff600000|100%| O|  |TAMS 0x00000000ff600000| PB 0x00000000ff500000| Untracked |  0
|2038|0x00000000ff600000, 0x00000000ff700000, 0x00000000ff700000|100%| O|  |TAMS 0x00000000ff700000| PB 0x00000000ff600000| Untracked |  0
|2039|0x00000000ff700000, 0x00000000ff700000, 0x00000000ff800000|  0%| F|  |TAMS 0x00000000ff700000| PB 0x00000000ff700000| Untracked |  0
|2040|0x00000000ff800000, 0x00000000ff8814f8, 0x00000000ff900000| 50%| E|  |TAMS 0x00000000ff800000| PB 0x00000000ff800000| Complete |  1
|2041|0x00000000ff900000, 0x00000000ffa00000, 0x00000000ffa00000|100%| O|  |TAMS 0x00000000ffa00000| PB 0x00000000ff900000| Untracked |  0
|2042|0x00000000ffa00000, 0x00000000ffb00000, 0x00000000ffb00000|100%| O|  |TAMS 0x00000000ffb00000| PB 0x00000000ffa00000| Untracked |  0
|2043|0x00000000ffb00000, 0x00000000ffc00000, 0x00000000ffc00000|100%| O|  |TAMS 0x00000000ffc00000| PB 0x00000000ffb00000| Untracked |  0
|2044|0x00000000ffc00000, 0x00000000ffd00000, 0x00000000ffd00000|100%| O|  |TAMS 0x00000000ffd00000| PB 0x00000000ffc00000| Untracked |  0
|2045|0x00000000ffd00000, 0x00000000ffe00000, 0x00000000ffe00000|100%| O|  |TAMS 0x00000000ffe00000| PB 0x00000000ffd00000| Untracked |  0
|2046|0x00000000ffe00000, 0x00000000fff00000, 0x00000000fff00000|100%| O|  |TAMS 0x00000000fff00000| PB 0x00000000ffe00000| Untracked |  0
|2047|0x00000000fff00000, 0x0000000100000000, 0x0000000100000000|100%| O|  |TAMS 0x0000000100000000| PB 0x00000000fff00000| Untracked |  0

Card table byte_map: [0x0000020872d50000,0x0000020873150000] _byte_map_base: 0x0000020872950000

Marking Bits: (CMBitMap*) 0x000002086ee6a620
 Bits: [0x0000020873150000, 0x0000020875150000)

Polling page: 0x000002086cc10000

Metaspace:
Metaspace        used 108432K, committed 110208K, reserved 1179648K
 class space     used 15358K, committed 16192K, reserved 1048576K

Usage:
  Non-class:     90.89 MB used.
      Class:     15.00 MB used.
       Both:    105.89 MB used.

Virtual space:
  Non-class space:      128.00 MB reserved,      91.81 MB ( 72%) committed,  2 nodes.
      Class space:        1.00 GB reserved,      15.81 MB (  2%) committed,  1 nodes.
             Both:        1.12 GB reserved,     107.62 MB (  9%) committed. 

Chunk freelists:
   Non-Class:  3.70 MB
       Class:  96.00 KB
        Both:  3.80 MB

MaxMetaspaceSize: unlimited
CompressedClassSpaceSize: 1.00 GB
Initial GC threshold: 21.00 MB
Current GC threshold: 158.75 MB
CDS: off
 - commit_granule_bytes: 65536.
 - commit_granule_words: 8192.
 - virtual_space_node_default_size: 8388608.
 - enlarge_chunks_in_place: 1.
UseCompressedClassPointers 1, UseCompactObjectHeaders 0
Narrow klass pointer bits 32, Max shift 3
Narrow klass base: 0x0000000000000000, Narrow klass shift: 0
Encoding Range: [0x0000000000000000 - 0x0000000100000000), (4294967296 bytes)
Klass Range:    [0x0000000038000000 - 0x0000000078000000), (1073741824 bytes)
Klass ID Range:  [939524096 - 2013265913) (1073741817)
No protection zone.


Internal statistics:

num_allocs_failed_limit: 6.
num_arena_births: 3506.
num_arena_deaths: 20.
num_vsnodes_births: 3.
num_vsnodes_deaths: 0.
num_space_committed: 1721.
num_space_uncommitted: 0.
num_chunks_returned_to_freelist: 34.
num_chunks_taken_from_freelist: 7902.
num_chunk_merges: 6.
num_chunk_splits: 5193.
num_chunks_enlarged: 3270.
num_inconsistent_stats: 0.

CodeHeap 'non-profiled nmethods': size=120064Kb used=6258Kb max_used=6258Kb free=113805Kb
 bounds [0x0000020807ae0000, 0x0000020808100000, 0x000002080f020000]
CodeHeap 'profiled nmethods': size=120064Kb used=17662Kb max_used=17662Kb free=102401Kb
 bounds [0x0000020800000000, 0x0000020801140000, 0x0000020807540000]
CodeHeap 'non-nmethods': size=5760Kb used=2007Kb max_used=2159Kb free=3752Kb
 bounds [0x0000020807540000, 0x00000208077b0000, 0x0000020807ae0000]
CodeCache: size=245888Kb, used=25927Kb, max_used=26079Kb, free=219958Kb
 total_blobs=13216, nmethods=12339, adapters=779, full_count=0
Compilation: enabled, stopped_count=0, restarted_count=0

Compilation events (20 events):
Event: 15.969 Thread 0x000002087c02dfd0 nmethod 14473 0x00000208010cc308 code [0x00000208010cc400, 0x00000208010cc948]
Event: 15.973 Thread 0x000002087c02dfd0 14474       3       com.sun.tools.javac.code.Type$ArrayType::getTag (4 bytes)
Event: 15.973 Thread 0x000002087c02dfd0 nmethod 14474 0x00000208010cc988 code [0x00000208010cca80, 0x00000208010ccb90]
Event: 15.975 Thread 0x000002087c02dfd0 14475       3       com.sun.tools.javac.code.Types$14::visitClassType (10 bytes)
Event: 15.975 Thread 0x000002087c02dfd0 nmethod 14475 0x00000208010ccc88 code [0x00000208010ccd80, 0x00000208010ccf90]
Event: 15.978 Thread 0x000002087c02dfd0 14476       3       com.sun.tools.javac.util.ArrayUtils::ensureCapacity (61 bytes)
Event: 15.978 Thread 0x000002087c02dfd0 nmethod 14476 0x00000208010cd008 code [0x00000208010cd100, 0x00000208010cdbd8]
Event: 15.979 Thread 0x000002087c02dfd0 14477       3       com.sun.tools.javac.code.Type$MethodType::accept (9 bytes)
Event: 15.979 Thread 0x000002087c02dfd0 nmethod 14477 0x00000208010cdc08 code [0x00000208010cdd00, 0x00000208010cded0]
Event: 15.982 Thread 0x000002087c02dfd0 14480       3       com.sun.tools.javac.code.Scope$ScopeImpl$1::next (5 bytes)
Event: 15.983 Thread 0x000002087c02dfd0 nmethod 14480 0x00000208010cdf08 code [0x00000208010ce000, 0x00000208010ce300]
Event: 15.983 Thread 0x000002087c02dfd0 14481       3       com.sun.tools.javac.code.Scope$ScopeImpl$1::next (20 bytes)
Event: 15.983 Thread 0x000002087c02dfd0 nmethod 14481 0x00000208010ce388 code [0x00000208010ce480, 0x00000208010ce710]
Event: 15.991 Thread 0x000002087c02dfd0 14483       3       com.sun.tools.javac.code.Types::isSubtypeUnchecked (25 bytes)
Event: 15.991 Thread 0x000002087c02dfd0 nmethod 14483 0x00000208010ce788 code [0x00000208010ce880, 0x00000208010cea70]
Event: 15.991 Thread 0x000002087c02dfd0 14486       3       java.util.EnumSet::of (16 bytes)
Event: 15.991 Thread 0x000002087c02dfd0 nmethod 14486 0x00000208010cea88 code [0x00000208010ceb80, 0x00000208010cefe0]
Event: 15.991 Thread 0x000002087c02dfd0 14484       3       com.sun.tools.javac.code.Types::isSubtypeUncheckedInternal (163 bytes)
Event: 16.029 Thread 0x000002087c02dfd0 nmethod 14484 0x00000208010cf008 code [0x00000208010cf100, 0x00000208010d0c98]
Event: 16.029 Thread 0x000002087c02dfd0 14485       3       com.sun.tools.javac.code.Types::checkUnsafeVarargsConversion (125 bytes)

GC Heap Usage History (20 events):
Event: 11.689 {heap Before GC invocations=25 (full 0):
 garbage-first heap   total reserved 2097152K, committed 125952K, used 116429K [0x0000000080000000, 0x0000000100000000)
  region size 1024K, 45 young (46080K), 5 survivors (5120K)
}
Event: 11.694 {heap After GC invocations=26 (full 0):
 garbage-first heap   total reserved 2097152K, committed 128000K, used 79019K [0x0000000080000000, 0x0000000100000000)
  region size 1024K, 6 young (6144K), 6 survivors (6144K)
}
Event: 11.903 {heap Before GC invocations=26 (full 0):
 garbage-first heap   total reserved 2097152K, committed 128000K, used 116907K [0x0000000080000000, 0x0000000100000000)
  region size 1024K, 44 young (45056K), 6 survivors (6144K)
}
Event: 11.911 {heap After GC invocations=27 (full 0):
 garbage-first heap   total reserved 2097152K, committed 165888K, used 90296K [0x0000000080000000, 0x0000000100000000)
  region size 1024K, 6 young (6144K), 6 survivors (6144K)
}
Event: 12.362 {heap Before GC invocations=28 (full 0):
 garbage-first heap   total reserved 2097152K, committed 165888K, used 140472K [0x0000000080000000, 0x0000000100000000)
  region size 1024K, 56 young (57344K), 6 survivors (6144K)
}
Event: 12.366 {heap After GC invocations=29 (full 0):
 garbage-first heap   total reserved 2097152K, committed 165888K, used 94620K [0x0000000080000000, 0x0000000100000000)
  region size 1024K, 4 young (4096K), 4 survivors (4096K)
}
Event: 13.075 {heap Before GC invocations=29 (full 0):
 garbage-first heap   total reserved 2097152K, committed 165888K, used 159132K [0x0000000080000000, 0x0000000100000000)
  region size 1024K, 53 young (54272K), 4 survivors (4096K)
}
Event: 13.081 {heap After GC invocations=30 (full 0):
 garbage-first heap   total reserved 2097152K, committed 169984K, used 98066K [0x0000000080000000, 0x0000000100000000)
  region size 1024K, 7 young (7168K), 7 survivors (7168K)
}
Event: 13.379 {heap Before GC invocations=30 (full 0):
 garbage-first heap   total reserved 2097152K, committed 169984K, used 148242K [0x0000000080000000, 0x0000000100000000)
  region size 1024K, 57 young (58368K), 7 survivors (7168K)
}
Event: 13.384 {heap After GC invocations=31 (full 0):
 garbage-first heap   total reserved 2097152K, committed 169984K, used 104817K [0x0000000080000000, 0x0000000100000000)
  region size 1024K, 7 young (7168K), 7 survivors (7168K)
}
Event: 13.786 {heap Before GC invocations=32 (full 0):
 garbage-first heap   total reserved 2097152K, committed 176128K, used 149873K [0x0000000080000000, 0x0000000100000000)
  region size 1024K, 52 young (53248K), 7 survivors (7168K)
}
Event: 13.797 {heap After GC invocations=33 (full 0):
 garbage-first heap   total reserved 2097152K, committed 176128K, used 104930K [0x0000000080000000, 0x0000000100000000)
  region size 1024K, 3 young (3072K), 3 survivors (3072K)
}
Event: 14.052 {heap Before GC invocations=33 (full 0):
 garbage-first heap   total reserved 2097152K, committed 176128K, used 156130K [0x0000000080000000, 0x0000000100000000)
  region size 1024K, 54 young (55296K), 3 survivors (3072K)
}
Event: 14.057 {heap After GC invocations=34 (full 0):
 garbage-first heap   total reserved 2097152K, committed 176128K, used 106669K [0x0000000080000000, 0x0000000100000000)
  region size 1024K, 7 young (7168K), 7 survivors (7168K)
}
Event: 14.316 {heap Before GC invocations=34 (full 0):
 garbage-first heap   total reserved 2097152K, committed 176128K, used 157869K [0x0000000080000000, 0x0000000100000000)
  region size 1024K, 58 young (59392K), 7 survivors (7168K)
}
Event: 14.322 {heap After GC invocations=35 (full 0):
 garbage-first heap   total reserved 2097152K, committed 176128K, used 113356K [0x0000000080000000, 0x0000000100000000)
  region size 1024K, 7 young (7168K), 7 survivors (7168K)
}
Event: 14.899 {heap Before GC invocations=36 (full 0):
 garbage-first heap   total reserved 2097152K, committed 178176K, used 154316K [0x0000000080000000, 0x0000000100000000)
  region size 1024K, 53 young (54272K), 7 survivors (7168K)
}
Event: 14.905 {heap After GC invocations=37 (full 0):
 garbage-first heap   total reserved 2097152K, committed 178176K, used 112215K [0x0000000080000000, 0x0000000100000000)
  region size 1024K, 7 young (7168K), 7 survivors (7168K)
}
Event: 15.556 {heap Before GC invocations=37 (full 0):
 garbage-first heap   total reserved 2097152K, committed 178176K, used 163415K [0x0000000080000000, 0x0000000100000000)
  region size 1024K, 54 young (55296K), 7 survivors (7168K)
}
Event: 15.564 {heap After GC invocations=38 (full 0):
 garbage-first heap   total reserved 2097152K, committed 184320K, used 114302K [0x0000000080000000, 0x0000000100000000)
  region size 1024K, 7 young (7168K), 7 survivors (7168K)
}

Metaspace Usage History (20 events):
Event: 11.689 {metaspace Before GC invocations=25 (full 0):
 Metaspace       used 78554K, committed 80320K, reserved 1179648K
  class space    used 11309K, committed 12160K, reserved 1048576K
}
Event: 11.694 {metaspace After GC invocations=26 (full 0):
 Metaspace       used 78554K, committed 80320K, reserved 1179648K
  class space    used 11309K, committed 12160K, reserved 1048576K
}
Event: 11.903 {metaspace Before GC invocations=26 (full 0):
 Metaspace       used 80296K, committed 81984K, reserved 1179648K
  class space    used 11529K, committed 12352K, reserved 1048576K
}
Event: 11.911 {metaspace After GC invocations=27 (full 0):
 Metaspace       used 80296K, committed 81984K, reserved 1179648K
  class space    used 11529K, committed 12352K, reserved 1048576K
}
Event: 12.362 {metaspace Before GC invocations=28 (full 0):
 Metaspace       used 83440K, committed 85120K, reserved 1179648K
  class space    used 11964K, committed 12736K, reserved 1048576K
}
Event: 12.366 {metaspace After GC invocations=29 (full 0):
 Metaspace       used 83440K, committed 85120K, reserved 1179648K
  class space    used 11964K, committed 12736K, reserved 1048576K
}
Event: 13.075 {metaspace Before GC invocations=29 (full 0):
 Metaspace       used 86282K, committed 88064K, reserved 1179648K
  class space    used 12281K, committed 13120K, reserved 1048576K
}
Event: 13.081 {metaspace After GC invocations=30 (full 0):
 Metaspace       used 86282K, committed 88064K, reserved 1179648K
  class space    used 12281K, committed 13120K, reserved 1048576K
}
Event: 13.379 {metaspace Before GC invocations=30 (full 0):
 Metaspace       used 88576K, committed 90304K, reserved 1179648K
  class space    used 12600K, committed 13440K, reserved 1048576K
}
Event: 13.384 {metaspace After GC invocations=31 (full 0):
 Metaspace       used 88576K, committed 90304K, reserved 1179648K
  class space    used 12600K, committed 13440K, reserved 1048576K
}
Event: 13.786 {metaspace Before GC invocations=32 (full 0):
 Metaspace       used 90818K, committed 92480K, reserved 1179648K
  class space    used 12903K, committed 13696K, reserved 1048576K
}
Event: 13.797 {metaspace After GC invocations=33 (full 0):
 Metaspace       used 90818K, committed 92480K, reserved 1179648K
  class space    used 12903K, committed 13696K, reserved 1048576K
}
Event: 14.052 {metaspace Before GC invocations=33 (full 0):
 Metaspace       used 91131K, committed 92864K, reserved 1179648K
  class space    used 12942K, committed 13760K, reserved 1048576K
}
Event: 14.057 {metaspace After GC invocations=34 (full 0):
 Metaspace       used 91131K, committed 92864K, reserved 1179648K
  class space    used 12942K, committed 13760K, reserved 1048576K
}
Event: 14.316 {metaspace Before GC invocations=34 (full 0):
 Metaspace       used 95559K, committed 97216K, reserved 1179648K
  class space    used 13563K, committed 14336K, reserved 1048576K
}
Event: 14.322 {metaspace After GC invocations=35 (full 0):
 Metaspace       used 95559K, committed 97216K, reserved 1179648K
  class space    used 13563K, committed 14336K, reserved 1048576K
}
Event: 14.899 {metaspace Before GC invocations=36 (full 0):
 Metaspace       used 101566K, committed 103360K, reserved 1179648K
  class space    used 14504K, committed 15360K, reserved 1048576K
}
Event: 14.905 {metaspace After GC invocations=37 (full 0):
 Metaspace       used 101566K, committed 103360K, reserved 1179648K
  class space    used 14504K, committed 15360K, reserved 1048576K
}
Event: 15.556 {metaspace Before GC invocations=37 (full 0):
 Metaspace       used 106561K, committed 108352K, reserved 1179648K
  class space    used 15104K, committed 15936K, reserved 1048576K
}
Event: 15.564 {metaspace After GC invocations=38 (full 0):
 Metaspace       used 106561K, committed 108352K, reserved 1179648K
  class space    used 15104K, committed 15936K, reserved 1048576K
}

Dll operation events (3 events):
Event: 0.010 Loaded shared library C:\Program Files\Android\Android Studio3\jbr\bin\java.dll
Event: 0.017 Loaded shared library C:\Program Files\Android\Android Studio3\jbr\bin\zip.dll
Event: 0.676 Loaded shared library C:\Program Files\Android\Android Studio3\jbr\bin\verify.dll

Deoptimization events (20 events):
Event: 15.962 Thread 0x00000208115bd530 Uncommon trap: trap_request=0xffffffde fr.pc=0x00000208080e1d5c relative=0x000000000000005c
Event: 15.962 Thread 0x00000208115bd530 Uncommon trap: reason=class_check action=maybe_recompile pc=0x00000208080e1d5c method=com.sun.tools.javac.code.Symbol.flatName()Lcom/sun/tools/javac/util/Name; @ 1 c2
Event: 15.962 Thread 0x00000208115bd530 DEOPT PACKING pc=0x00000208080e1d5c sp=0x00000050db5f8950
Event: 15.962 Thread 0x00000208115bd530 DEOPT UNPACKING pc=0x0000020807658582 sp=0x00000050db5f88e0 mode 2
Event: 15.970 Thread 0x00000208115bd530 Uncommon trap: trap_request=0xffffffde fr.pc=0x00000208080de9bc relative=0x000000000000043c
Event: 15.970 Thread 0x00000208115bd530 Uncommon trap: reason=class_check action=maybe_recompile pc=0x00000208080de9bc method=com.sun.tools.javac.code.Scope$ScopeListenerList.walkReferences(Lcom/sun/tools/javac/code/Symbol;Lcom/sun/tools/javac/code/Scope;Z)V @ 20 c2
Event: 15.970 Thread 0x00000208115bd530 DEOPT PACKING pc=0x00000208080de9bc sp=0x00000050db5f98b0
Event: 15.970 Thread 0x00000208115bd530 DEOPT UNPACKING pc=0x0000020807658582 sp=0x00000050db5f9750 mode 2
Event: 15.975 Thread 0x00000208115bd530 Uncommon trap: trap_request=0xffffffc6 fr.pc=0x00000208080e9004 relative=0x0000000000000584
Event: 15.975 Thread 0x00000208115bd530 Uncommon trap: reason=bimorphic_or_optimized_type_check action=maybe_recompile pc=0x00000208080e9004 method=com.sun.tools.javac.code.Symbol$TypeSymbol.formFullName(Lcom/sun/tools/javac/util/Name;Lcom/sun/tools/javac/code/Symbol;)Lcom/sun/tools/javac/util/
Event: 15.976 Thread 0x00000208115bd530 DEOPT PACKING pc=0x00000208080e9004 sp=0x00000050db5f8cc0
Event: 15.976 Thread 0x00000208115bd530 DEOPT UNPACKING pc=0x0000020807658582 sp=0x00000050db5f8c98 mode 2
Event: 15.976 Thread 0x00000208115bd530 Uncommon trap: trap_request=0xffffffc6 fr.pc=0x00000208080ebc00 relative=0x0000000000000580
Event: 15.976 Thread 0x00000208115bd530 Uncommon trap: reason=bimorphic_or_optimized_type_check action=maybe_recompile pc=0x00000208080ebc00 method=com.sun.tools.javac.code.Symbol$TypeSymbol.formFlatName(Lcom/sun/tools/javac/util/Name;Lcom/sun/tools/javac/code/Symbol;)Lcom/sun/tools/javac/util/
Event: 15.976 Thread 0x00000208115bd530 DEOPT PACKING pc=0x00000208080ebc00 sp=0x00000050db5f8cc0
Event: 15.976 Thread 0x00000208115bd530 DEOPT UNPACKING pc=0x0000020807658582 sp=0x00000050db5f8c90 mode 2
Event: 15.976 Thread 0x00000208115bd530 Uncommon trap: trap_request=0xffffffde fr.pc=0x00000208080e1d5c relative=0x000000000000005c
Event: 15.976 Thread 0x00000208115bd530 Uncommon trap: reason=class_check action=maybe_recompile pc=0x00000208080e1d5c method=com.sun.tools.javac.code.Symbol.flatName()Lcom/sun/tools/javac/util/Name; @ 1 c2
Event: 15.976 Thread 0x00000208115bd530 DEOPT PACKING pc=0x00000208080e1d5c sp=0x00000050db5f8ca0
Event: 15.976 Thread 0x00000208115bd530 DEOPT UNPACKING pc=0x0000020807658582 sp=0x00000050db5f8c30 mode 2

Classes loaded (20 events):
Event: 15.419 Loading class java/lang/Process$PipeOutputStream
Event: 15.419 Loading class java/lang/Process$PipeOutputStream done
Event: 15.419 Loading class java/lang/Process$PipeInputStream
Event: 15.419 Loading class java/lang/Process$PipeInputStream done
Event: 15.419 Loading class jdk/internal/event/ProcessStartEvent
Event: 15.419 Loading class jdk/internal/event/ProcessStartEvent done
Event: 15.478 Loading class java/lang/runtime/SwitchBootstraps
Event: 15.478 Loading class java/lang/runtime/SwitchBootstraps done
Event: 15.479 Loading class jdk/internal/misc/PreviewFeatures
Event: 15.479 Loading class jdk/internal/misc/PreviewFeatures done
Event: 15.481 Loading class java/lang/classfile/instruction/SwitchCase
Event: 15.481 Loading class java/lang/classfile/instruction/SwitchCase done
Event: 15.481 Loading class jdk/internal/classfile/impl/AbstractInstruction$SwitchCaseImpl
Event: 15.482 Loading class jdk/internal/classfile/impl/AbstractInstruction$SwitchCaseImpl done
Event: 15.482 Loading class java/lang/invoke/MethodHandles$Lookup$ClassOption
Event: 15.482 Loading class java/lang/invoke/MethodHandles$Lookup$ClassOption done
Event: 15.939 Loading class java/text/BreakIterator
Event: 15.939 Loading class java/text/BreakIterator done
Event: 15.974 Loading class java/util/function/ToIntBiFunction
Event: 15.974 Loading class java/util/function/ToIntBiFunction done

Classes unloaded (10 events):
Event: 11.945 Thread 0x0000020877cb6bf0 Unloading class 0x0000000038b58000 'java/lang/invoke/LambdaForm$DMH+0x0000000038b58000'
Event: 11.945 Thread 0x0000020877cb6bf0 Unloading class 0x0000000038b54c00 'java/lang/invoke/LambdaForm$DMH+0x0000000038b54c00'
Event: 11.945 Thread 0x0000020877cb6bf0 Unloading class 0x0000000038b54400 'java/lang/invoke/LambdaForm$DMH+0x0000000038b54400'
Event: 11.945 Thread 0x0000020877cb6bf0 Unloading class 0x0000000038b08c00 'java/lang/invoke/LambdaForm$DMH+0x0000000038b08c00'
Event: 11.945 Thread 0x0000020877cb6bf0 Unloading class 0x0000000038b08800 'java/lang/invoke/LambdaForm$DMH+0x0000000038b08800'
Event: 11.945 Thread 0x0000020877cb6bf0 Unloading class 0x0000000038b08000 'java/lang/invoke/LambdaForm$DMH+0x0000000038b08000'
Event: 11.945 Thread 0x0000020877cb6bf0 Unloading class 0x0000000038ad8400 'java/lang/invoke/LambdaForm$DMH+0x0000000038ad8400'
Event: 11.945 Thread 0x0000020877cb6bf0 Unloading class 0x0000000038ac0800 'java/lang/invoke/LambdaForm$MH+0x0000000038ac0800'
Event: 14.363 Thread 0x0000020877cb6bf0 Unloading class 0x0000000038c6c800 'java/lang/invoke/LambdaForm$MH+0x0000000038c6c800'
Event: 14.363 Thread 0x0000020877cb6bf0 Unloading class 0x0000000038c6c000 'java/lang/String$$StringConcat+0x0000000038c6c000'

Classes redefined (0 events):
No events

Internal exceptions (20 events):
Event: 15.723 Thread 0x00000208115bd530 Exception <a 'sun/nio/fs/WindowsException'{0x0000000093aec330}> (0x0000000093aec330) 
thrown [s\src\hotspot\share\prims\jni.cpp, line 535]
Event: 15.724 Thread 0x00000208115bd530 Exception <a 'sun/nio/fs/WindowsException'{0x0000000093aff9c8}> (0x0000000093aff9c8) 
thrown [s\src\hotspot\share\prims\jni.cpp, line 535]
Event: 15.728 Thread 0x00000208115bd530 Exception <a 'sun/nio/fs/WindowsException'{0x0000000093943148}> (0x0000000093943148) 
thrown [s\src\hotspot\share\prims\jni.cpp, line 535]
Event: 15.737 Thread 0x00000208115bd530 Exception <a 'sun/nio/fs/WindowsException'{0x000000009385ad50}> (0x000000009385ad50) 
thrown [s\src\hotspot\share\prims\jni.cpp, line 535]
Event: 15.740 Thread 0x00000208115bd530 Exception <a 'sun/nio/fs/WindowsException'{0x00000000938d7078}> (0x00000000938d7078) 
thrown [s\src\hotspot\share\prims\jni.cpp, line 535]
Event: 15.743 Thread 0x00000208115bd530 Exception <a 'sun/nio/fs/WindowsException'{0x0000000093718230}> (0x0000000093718230) 
thrown [s\src\hotspot\share\prims\jni.cpp, line 535]
Event: 15.757 Thread 0x00000208115bd530 Exception <a 'sun/nio/fs/WindowsException'{0x0000000093659de0}> (0x0000000093659de0) 
thrown [s\src\hotspot\share\prims\jni.cpp, line 535]
Event: 15.775 Thread 0x00000208115bd530 Exception <a 'sun/nio/fs/WindowsException'{0x0000000093487198}> (0x0000000093487198) 
thrown [s\src\hotspot\share\prims\jni.cpp, line 535]
Event: 15.783 Thread 0x00000208115bd530 Exception <a 'sun/nio/fs/WindowsException'{0x00000000932018b8}> (0x00000000932018b8) 
thrown [s\src\hotspot\share\prims\jni.cpp, line 535]
Event: 15.785 Thread 0x00000208115bd530 Exception <a 'sun/nio/fs/WindowsException'{0x0000000093260e20}> (0x0000000093260e20) 
thrown [s\src\hotspot\share\prims\jni.cpp, line 535]
Event: 15.786 Thread 0x00000208115bd530 Exception <a 'sun/nio/fs/WindowsException'{0x0000000093267438}> (0x0000000093267438) 
thrown [s\src\hotspot\share\prims\jni.cpp, line 535]
Event: 15.830 Thread 0x00000208115bd530 Exception <a 'sun/nio/fs/WindowsException'{0x000000008840cee8}> (0x000000008840cee8) 
thrown [s\src\hotspot\share\prims\jni.cpp, line 535]
Event: 15.841 Thread 0x00000208115bd530 Exception <a 'sun/nio/fs/WindowsException'{0x0000000088371738}> (0x0000000088371738) 
thrown [s\src\hotspot\share\prims\jni.cpp, line 535]
Event: 15.858 Thread 0x00000208115bd530 Exception <a 'sun/nio/fs/WindowsException'{0x00000000881eeb08}> (0x00000000881eeb08) 
thrown [s\src\hotspot\share\prims\jni.cpp, line 535]
Event: 15.862 Thread 0x00000208115bd530 Exception <a 'sun/nio/fs/WindowsException'{0x000000008801db58}> (0x000000008801db58) 
thrown [s\src\hotspot\share\prims\jni.cpp, line 535]
Event: 15.867 Thread 0x00000208115bd530 Exception <a 'sun/nio/fs/WindowsException'{0x00000000880aca28}> (0x00000000880aca28) 
thrown [s\src\hotspot\share\prims\jni.cpp, line 535]
Event: 15.868 Thread 0x00000208115bd530 Exception <a 'sun/nio/fs/WindowsException'{0x00000000880c4f28}> (0x00000000880c4f28) 
thrown [s\src\hotspot\share\prims\jni.cpp, line 535]
Event: 15.870 Thread 0x00000208115bd530 Exception <a 'sun/nio/fs/WindowsException'{0x0000000087f16460}> (0x0000000087f16460) 
thrown [s\src\hotspot\share\prims\jni.cpp, line 535]
Event: 15.955 Thread 0x00000208115bd530 Exception <a 'java/lang/NoSuchMethodError'{0x0000000087ad96c0}: 'int java.lang.invoke.DirectMethodHandle$Holder.invokeVirtual(java.lang.Object, java.lang.Object, java.lang.Object, java.lang.Object)'> (0x0000000087ad96c0) 
thrown [s\src\hotspot\share\interpreter\linkResolver.cpp, line 815]
Event: 15.983 Thread 0x00000208115bd530 Exception <a 'sun/nio/fs/WindowsException'{0x00000000879d2a50}> (0x00000000879d2a50) 
thrown [s\src\hotspot\share\prims\jni.cpp, line 535]

VM Operations (20 events):
Event: 14.898 Executing safepoint VM operation: G1CollectForAllocation (G1 Evacuation Pause)
Event: 14.905 Executing safepoint VM operation: G1CollectForAllocation (G1 Evacuation Pause) done
Event: 15.231 Executing non-safepoint VM operation: HandshakeAllThreads (Deoptimize)
Event: 15.231 Executing non-safepoint VM operation: HandshakeAllThreads (Deoptimize) done
Event: 15.242 Executing non-safepoint VM operation: HandshakeAllThreads (Deoptimize)
Event: 15.243 Executing non-safepoint VM operation: HandshakeAllThreads (Deoptimize) done
Event: 15.263 Executing non-safepoint VM operation: HandshakeAllThreads (Deoptimize)
Event: 15.263 Executing non-safepoint VM operation: HandshakeAllThreads (Deoptimize) done
Event: 15.269 Executing non-safepoint VM operation: HandshakeAllThreads (Deoptimize)
Event: 15.269 Executing non-safepoint VM operation: HandshakeAllThreads (Deoptimize) done
Event: 15.273 Executing non-safepoint VM operation: HandshakeAllThreads (Deoptimize)
Event: 15.273 Executing non-safepoint VM operation: HandshakeAllThreads (Deoptimize) done
Event: 15.290 Executing non-safepoint VM operation: HandshakeAllThreads (Deoptimize)
Event: 15.290 Executing non-safepoint VM operation: HandshakeAllThreads (Deoptimize) done
Event: 15.556 Executing safepoint VM operation: G1CollectForAllocation (G1 Evacuation Pause)
Event: 15.564 Executing safepoint VM operation: G1CollectForAllocation (G1 Evacuation Pause) done
Event: 15.925 Executing non-safepoint VM operation: HandshakeAllThreads (Deoptimize)
Event: 15.925 Executing non-safepoint VM operation: HandshakeAllThreads (Deoptimize) done
Event: 15.977 Executing non-safepoint VM operation: HandshakeAllThreads (Deoptimize)
Event: 15.977 Executing non-safepoint VM operation: HandshakeAllThreads (Deoptimize) done

Memory protections (0 events):
No events

Nmethod flushes (20 events):
Event: 14.370 Thread 0x0000020877cb6bf0 flushing  nmethod 0x0000020800ae0088
Event: 14.370 Thread 0x0000020877cb6bf0 flushing  nmethod 0x0000020800b29d08
Event: 14.370 Thread 0x0000020877cb6bf0 flushing  nmethod 0x0000020800b32288
Event: 14.370 Thread 0x0000020877cb6bf0 flushing  nmethod 0x0000020800b74d88
Event: 14.370 Thread 0x0000020877cb6bf0 flushing  nmethod 0x0000020800b75488
Event: 14.370 Thread 0x0000020877cb6bf0 flushing  nmethod 0x0000020800bb9508
Event: 14.370 Thread 0x0000020877cb6bf0 flushing  nmethod 0x0000020800bbd108
Event: 14.370 Thread 0x0000020877cb6bf0 flushing  nmethod 0x0000020800bc0e08
Event: 14.370 Thread 0x0000020877cb6bf0 flushing  nmethod 0x0000020800c5a688
Event: 14.370 Thread 0x0000020877cb6bf0 flushing  nmethod 0x0000020800c5ab88
Event: 14.370 Thread 0x0000020877cb6bf0 flushing  nmethod 0x0000020800c5ae88
Event: 14.370 Thread 0x0000020877cb6bf0 flushing  nmethod 0x0000020800c5b408
Event: 14.370 Thread 0x0000020877cb6bf0 flushing  nmethod 0x0000020800c5b788
Event: 14.370 Thread 0x0000020877cb6bf0 flushing  nmethod 0x0000020800c5bc88
Event: 14.370 Thread 0x0000020877cb6bf0 flushing  nmethod 0x0000020800c5d708
Event: 14.370 Thread 0x0000020877cb6bf0 flushing  nmethod 0x0000020800c5ea08
Event: 14.370 Thread 0x0000020877cb6bf0 flushing  nmethod 0x0000020800d1e188
Event: 14.370 Thread 0x0000020877cb6bf0 flushing  nmethod 0x0000020800d1f408
Event: 14.370 Thread 0x0000020877cb6bf0 flushing  nmethod 0x0000020800d20a08
Event: 14.370 Thread 0x0000020877cb6bf0 flushing  nmethod 0x0000020800d21288

Events (20 events):
Event: 10.765 Thread 0x00000208115bb5f0 Thread added: 0x000002087e59e7f0
Event: 10.765 Thread 0x00000208115beca0 Thread added: 0x000002087f7541c0
Event: 10.765 Thread 0x00000208115bcd60 Thread added: 0x000002087f750b10
Event: 10.766 Thread 0x000002087e59e020 Thread added: 0x000002087f752280
Event: 10.766 Thread 0x000002087e59d850 Thread added: 0x000002087f751ab0
Event: 10.769 Thread 0x000002087e59e020 Thread added: 0x000002087f752a50
Event: 10.769 Thread 0x00000208115bcd60 Thread added: 0x000002087f7539f0
Event: 10.769 Thread 0x00000208115bb5f0 Thread added: 0x000002087f753220
Event: 10.770 Thread 0x00000208115beca0 Thread added: 0x000002087f7512e0
Event: 10.770 Thread 0x000002087e59d850 Thread added: 0x000002087fb725e0
Event: 10.771 Thread 0x00000208115bcd60 Thread added: 0x000002087fb73580
Event: 10.914 Thread 0x000002087fbc06b0 Thread added: 0x000002087fb79b10
Event: 12.561 Thread 0x00000208115b8ee0 Thread added: 0x0000020811e02480
Event: 12.827 Thread 0x00000208115bd530 Thread added: 0x0000020811e01cb0
Event: 13.068 Thread 0x000002087e59d850 Thread added: 0x0000020811dffd70
Event: 14.095 Thread 0x000002087e59e020 Thread added: 0x0000020811dfd660
Event: 14.159 Thread 0x00000208115bd530 Thread added: 0x0000020811e05360
Event: 14.933 Thread 0x0000020811e02480 Thread added: 0x0000020811dfe600
Event: 15.423 Thread 0x0000020811e02480 Thread added: 0x0000020811e08240
Event: 15.423 Thread 0x0000020811e02480 Thread added: 0x0000020811e04b90


Dynamic libraries:
0x00007ff7789c0000 - 0x00007ff7789ca000 	C:\Program Files\Android\Android Studio3\jbr\bin\java.exe
0x00007ffbde020000 - 0x00007ffbde287000 	C:\WINDOWS\SYSTEM32\ntdll.dll
0x00007ffbdd310000 - 0x00007ffbdd3db000 	C:\WINDOWS\System32\KERNEL32.DLL
0x00007ffbdb3b0000 - 0x00007ffbdb7b2000 	C:\WINDOWS\System32\KERNELBASE.dll
0x00007ffbdb250000 - 0x00007ffbdb39c000 	C:\WINDOWS\System32\ucrtbase.dll
0x00007ffb56fc0000 - 0x00007ffb56fdb000 	C:\Program Files\Android\Android Studio3\jbr\bin\VCRUNTIME140.dll
0x00007ffbd13e0000 - 0x00007ffbd13f6000 	C:\Program Files\Android\Android Studio3\jbr\bin\jli.dll
0x00007ffbdbd40000 - 0x00007ffbdbf0f000 	C:\WINDOWS\System32\USER32.dll
0x00007ffbb62a0000 - 0x00007ffbb6530000 	C:\WINDOWS\WinSxS\amd64_microsoft.windows.common-controls_6595b64144ccf1df_6.0.26100.9278_none_3e0d1ba8e3303201\COMCTL32.dll
0x00007ffbdb220000 - 0x00007ffbdb247000 	C:\WINDOWS\System32\win32u.dll
0x00007ffbddb00000 - 0x00007ffbddba9000 	C:\WINDOWS\System32\msvcrt.dll
0x00007ffbdc530000 - 0x00007ffbdc55b000 	C:\WINDOWS\System32\GDI32.dll
0x00007ffbdba80000 - 0x00007ffbdbba9000 	C:\WINDOWS\System32\gdi32full.dll
0x00007ffbdb880000 - 0x00007ffbdb923000 	C:\WINDOWS\System32\msvcp_win.dll
0x00007ffbdce40000 - 0x00007ffbdce71000 	C:\WINDOWS\System32\IMM32.DLL
0x00007ffbb3740000 - 0x00007ffbb3832000 	C:\Program Files\Windhawk\Engine\1.6.1\64\windhawk.dll
0x00007ffbdcf60000 - 0x00007ffbdd01c000 	C:\WINDOWS\System32\ADVAPI32.dll
0x00007ffbdc040000 - 0x00007ffbdc0e9000 	C:\WINDOWS\System32\sechost.dll
0x00007ffbdc3a0000 - 0x00007ffbdc4b8000 	C:\WINDOWS\System32\RPCRT4.dll
0x00007ffb86d90000 - 0x00007ffb86d9c000 	C:\Program Files\Android\Android Studio3\jbr\bin\vcruntime140_1.dll
0x00007ffb4a430000 - 0x00007ffb4a4bd000 	C:\Program Files\Android\Android Studio3\jbr\bin\msvcp140.dll
0x00007ffb44df0000 - 0x00007ffb45ccd000 	C:\Program Files\Android\Android Studio3\jbr\bin\server\jvm.dll
0x00007ffbddf50000 - 0x00007ffbddfd0000 	C:\WINDOWS\System32\WS2_32.dll
0x00007ffbd9d20000 - 0x00007ffbd9d7e000 	C:\WINDOWS\SYSTEM32\POWRPROF.dll
0x00007ffbd50a0000 - 0x00007ffbd50d6000 	C:\WINDOWS\SYSTEM32\WINMM.dll
0x00007ffbcc8b0000 - 0x00007ffbcc8bb000 	C:\WINDOWS\SYSTEM32\VERSION.dll
0x00007ffbd9cf0000 - 0x00007ffbd9d05000 	C:\WINDOWS\SYSTEM32\UMPDC.dll
0x00007ffbd9fe0000 - 0x00007ffbd9ffb000 	C:\WINDOWS\SYSTEM32\kernel.appcore.dll
0x00007ffb6c140000 - 0x00007ffb6c14a000 	C:\Program Files\Android\Android Studio3\jbr\bin\jimage.dll
0x00007ffbd84c0000 - 0x00007ffbd870c000 	C:\WINDOWS\SYSTEM32\DBGHELP.DLL
0x00007ffbddbc0000 - 0x00007ffbddf45000 	C:\WINDOWS\System32\combase.dll
0x00007ffbdce80000 - 0x00007ffbdcf59000 	C:\WINDOWS\System32\OLEAUT32.dll
0x00007ffbb8b70000 - 0x00007ffbb8bab000 	C:\WINDOWS\SYSTEM32\dbgcore.DLL
0x00007ffbdb7c0000 - 0x00007ffbdb86c000 	C:\WINDOWS\System32\bcryptPrimitives.dll
0x00007ffbd44f0000 - 0x00007ffbd44fe000 	C:\Program Files\Android\Android Studio3\jbr\bin\instrument.dll
0x00007ffb56120000 - 0x00007ffb5613e000 	C:\Program Files\Android\Android Studio3\jbr\bin\java.dll
0x00007ffbdc200000 - 0x00007ffbdc39a000 	C:\WINDOWS\System32\ole32.dll
0x00007ffbdc590000 - 0x00007ffbdcd28000 	C:\WINDOWS\System32\SHELL32.dll
0x00007ffb54ec0000 - 0x00007ffb54ed6000 	C:\Program Files\Android\Android Studio3\jbr\bin\zip.dll
0x00007ffbd8c80000 - 0x00007ffbd952e000 	C:\WINDOWS\SYSTEM32\windows.storage.dll
0x00007ffbdbf40000 - 0x00007ffbdc03b000 	C:\WINDOWS\System32\SHCORE.dll
0x00007ffbdc4c0000 - 0x00007ffbdc526000 	C:\WINDOWS\System32\shlwapi.dll
0x00007ffbdb140000 - 0x00007ffbdb169000 	C:\WINDOWS\SYSTEM32\profapi.dll
0x00007ffb56d10000 - 0x00007ffb56d20000 	C:\Program Files\Android\Android Studio3\jbr\bin\net.dll
0x00007ffbda5b0000 - 0x00007ffbda61c000 	C:\WINDOWS\system32\mswsock.dll
0x00007ffb54c30000 - 0x00007ffb54c46000 	C:\Program Files\Android\Android Studio3\jbr\bin\nio.dll
0x00007ffbcea90000 - 0x00007ffbceaa0000 	C:\Program Files\Android\Android Studio3\jbr\bin\verify.dll
0x00007ffb4d8b0000 - 0x00007ffb4d8d7000 	C:\Users\ADMIN\.gradle\native\660c5614fbf4a5f2a75b1949f50a0caf5cd603558e7d8a26e50b933a0cfb79d1\windows-amd64\native-platform.dll
0x00007ffb48d60000 - 0x00007ffb48dd7000 	C:\Users\ADMIN\.gradle\native\0.2.8\x86_64-windows-gnu\gradle-fileevents.dll
0x00007ffbd3a00000 - 0x00007ffbd3a09000 	C:\Program Files\Android\Android Studio3\jbr\bin\management.dll
0x00007ffbcfa50000 - 0x00007ffbcfa5b000 	C:\Program Files\Android\Android Studio3\jbr\bin\management_ext.dll
0x00007ffbddbb0000 - 0x00007ffbddbb8000 	C:\WINDOWS\System32\PSAPI.DLL
0x00007ffbd98f0000 - 0x00007ffbd9923000 	C:\WINDOWS\SYSTEM32\IPHLPAPI.DLL
0x00007ffbdd5d0000 - 0x00007ffbdd5da000 	C:\WINDOWS\System32\NSI.dll
0x00007ffbd3a10000 - 0x00007ffbd3a19000 	C:\Program Files\Android\Android Studio3\jbr\bin\extnet.dll
0x00007ffbda8c0000 - 0x00007ffbda8db000 	C:\WINDOWS\SYSTEM32\CRYPTSP.dll
0x00007ffbd9f40000 - 0x00007ffbd9f79000 	C:\WINDOWS\system32\rsaenh.dll
0x00007ffbda680000 - 0x00007ffbda6b4000 	C:\WINDOWS\SYSTEM32\USERENV.dll
0x00007ffbdb110000 - 0x00007ffbdb13a000 	C:\WINDOWS\SYSTEM32\bcrypt.dll
0x00007ffbda8e0000 - 0x00007ffbda8ec000 	C:\WINDOWS\SYSTEM32\CRYPTBASE.dll
0x00007ffbb1ab0000 - 0x00007ffbb1ab8000 	C:\WINDOWS\system32\wshunix.dll
0x00007ffbda120000 - 0x00007ffbda156000 	C:\WINDOWS\SYSTEM32\ntmarta.dll

JVMTI agents:
C:\Users\ADMIN\.gradle\wrapper\dists\gradle-9.5.0-bin\bvnork1r7n8i6kp5cnkibsc9q\gradle-9.5.0\lib\agents\gradle-instrumentation-agent-9.5.0.jar path:C:\Program Files\Android\Android Studio3\jbr\bin\instrument.dll, loaded, initialized, instrumentlib options:none

dbghelp: loaded successfully - version: 4.0.5 - missing functions: none
symbol engine: initialized successfully - sym options: 0x614 - pdb path: .;C:\Program Files\Android\Android Studio3\jbr\bin;C:\WINDOWS\SYSTEM32;C:\WINDOWS\WinSxS\amd64_microsoft.windows.common-controls_6595b64144ccf1df_6.0.26100.9278_none_3e0d1ba8e3303201;C:\Program Files\Windhawk\Engine\1.6.1\64;C:\Program Files\Android\Android Studio3\jbr\bin\server;C:\Users\ADMIN\.gradle\native\660c5614fbf4a5f2a75b1949f50a0caf5cd603558e7d8a26e50b933a0cfb79d1\windows-amd64;C:\Users\ADMIN\.gradle\native\0.2.8\x86_64-windows-gnu

VM Arguments:
jvm_args: --add-opens=java.base/java.lang=ALL-UNNAMED --add-opens=java.base/java.lang.invoke=ALL-UNNAMED --add-opens=java.base/java.util=ALL-UNNAMED --add-opens=java.prefs/java.util.prefs=ALL-UNNAMED --add-exports=jdk.compiler/com.sun.tools.javac.api=ALL-UNNAMED --add-exports=jdk.compiler/com.sun.tools.javac.util=ALL-UNNAMED --add-opens=java.base/java.nio.charset=ALL-UNNAMED --add-opens=java.base/java.net=ALL-UNNAMED --add-opens=java.base/java.util.concurrent=ALL-UNNAMED --add-opens=java.base/java.util.concurrent.atomic=ALL-UNNAMED --add-opens=java.xml/javax.xml.namespace=ALL-UNNAMED --add-opens=java.base/java.time=ALL-UNNAMED --enable-native-access=ALL-UNNAMED -Xmx2048m -Dfile.encoding=UTF-8 -Duser.country=US -Duser.language=en -Duser.variant -javaagent:C:\Users\ADMIN\.gradle\wrapper\dists\gradle-9.5.0-bin\bvnork1r7n8i6kp5cnkibsc9q\gradle-9.5.0\lib\agents\gradle-instrumentation-agent-9.5.0.jar 
java_command: org.gradle.launcher.daemon.bootstrap.GradleDaemon 9.5.0
java_class_path (initial): C:\Users\ADMIN\.gradle\wrapper\dists\gradle-9.5.0-bin\bvnork1r7n8i6kp5cnkibsc9q\gradle-9.5.0\lib\gradle-daemon-main-9.5.0.jar
Launcher Type: SUN_STANDARD

[Global flags]
     intx CICompilerCount                          = 4                                         {product} {ergonomic}
     uint ConcGCThreads                            = 3                                         {product} {ergonomic}
     uint G1ConcRefinementThreads                  = 10                                        {product} {ergonomic}
   size_t G1HeapRegionSize                         = 1048576                                   {product} {ergonomic}
   size_t InitialHeapSize                          = 398458880                                 {product} {ergonomic}
   size_t MarkStackSize                            = 4194304                                   {product} {ergonomic}
   size_t MarkStackSizeMax                         = 536870912                                 {product} {ergonomic}
   size_t MaxHeapSize                              = 2147483648                                {product} {command line}
   size_t MaxNewSize                               = 1287651328                                {product} {ergonomic}
   size_t MinHeapDeltaBytes                        = 1048576                                   {product} {ergonomic}
   size_t MinHeapSize                              = 8388608                                   {product} {ergonomic}
    uintx NonNMethodCodeHeapSize                   = 5898240                                {pd product} {ergonomic}
    uintx NonProfiledCodeHeapSize                  = 122945536                              {pd product} {ergonomic}
    uintx ProfiledCodeHeapSize                     = 122945536                              {pd product} {ergonomic}
    uintx ReservedCodeCacheSize                    = 251789312                              {pd product} {ergonomic}
     bool SegmentedCodeCache                       = true                                      {product} {ergonomic}
   size_t SoftMaxHeapSize                          = 2147483648                             {manageable} {ergonomic}
     bool UseCompressedOops                        = true                           {product lp64_product} {ergonomic}
     bool UseG1GC                                  = true                                      {product} {ergonomic}
     bool UseLargePagesIndividualAllocation        = false                                  {pd product} {ergonomic}

Logging:
Log output configuration:
 #0: stdout all=warning uptime,level,tags foldmultilines=false
 #1: stderr all=off uptime,level,tags foldmultilines=false

Release file:
JAVA_VERSION="25.0.3" 
MODULES="java.base java.compiler java.datatransfer java.xml java.prefs java.desktop java.instrument java.logging java.management java.security.sasl java.naming java.rmi java.management.rmi java.net.http java.scripting java.security.jgss java.transaction.xa java.sql java.sql.rowset java.xml.crypto java.se java.smartcardio jdk.accessibility jdk.internal.jvmstat jdk.attach jdk.charsets jdk.internal.opt jdk.zipfs jdk.compiler jdk.crypto.cryptoki jdk.crypto.ec jdk.dynalink jdk.hotspot.agent jdk.httpserver jdk.internal.ed jdk.internal.le jdk.internal.md jdk.internal.vm.ci jdk.jartool jdk.javadoc jdk.jcmd jdk.jdeps jdk.jdwp.agent jdk.jdi jdk.jfr jdk.jlink jdk.localedata jdk.management jdk.management.agent jdk.management.jfr jdk.naming.dns jdk.naming.rmi jdk.net jdk.sctp jdk.security.auth jdk.security.jgss jdk.unsupported jdk.unsupported.desktop jdk.xml.dom" 
IMPLEMENTOR="JetBrains s.r.o." 
JAVA_RUNTIME_VERSION="25.0.3+-15898627-b508.16" 
LIBC="default" 
OS_ARCH="x86_64" 
OS_NAME="Windows" 
SOURCE=".:git:a8b1dba3234f" 

Environment Variables:
PATH=C:\Python314\Scripts\;C:\Python314\;C:\Program Files\Common Files\Oracle\Java\javapath;C:\Program Files (x86)\Common Files\Oracle\Java\javapath;C:\WINDOWS\system32;C:\WINDOWS;C:\WINDOWS\System32\Wbem;C:\WINDOWS\System32\WindowsPowerShell\v1.0\;C:\WINDOWS\System32\OpenSSH\;C:\Program Files (x86)\NVIDIA Corporation\PhysX\Common;C:\Program Files\NVIDIA Corporation\NVIDIA NvDLISR;C:\Program Files (x86)\Microsoft SQL Server\160\Tools\Binn\;C:\Program Files\Microsoft SQL Server\160\Tools\Binn\;C:\Program Files\Microsoft SQL Server\Client SDK\ODBC\170\Tools\Binn\;C:\Program Files\Microsoft SQL Server\160\DTS\Binn\;C:\Program Files (x86)\Microsoft SQL Server\160\DTS\Binn\;C:\ProgramData\chocolatey\bin;C:\Program Files\Docker\Docker\resources\bin;C:\Program Files\dotnet\;C:\Users\ADMIN\AppData\Local\nvm;C:\nvm4w\nodejs;C:\Program Files\Cloudflare\Cloudflare WARP\;C:\Program Files\Git\cmd;C:\Users\ADMIN\AppData\Local\Programs\Python\Python312\Scripts\;C:\Users\ADMIN\AppData\Local\Programs\Python\Python312\;C:\Users\ADMIN\AppData\Local\Programs\Python\Launcher\;C:\Users\ADMIN\AppData\Local\Microsoft\WindowsApps;C:\Program Files\JetBrains\PyCharm Community Edition 2024.2.1\bin;;C:\Program Files\JetBrains\IntelliJ IDEA Community Edition 2025.2\bin;C:\Users\ADMIN\AppData\Local\Programs\Microsoft VS Code\bin;C:\Users\ADMIN\AppData\Local\nvm;C:\nvm4w\nodejs;C:\msys64\ucrt64\bin;
USERNAME=ADMIN
OS=Windows_NT
PROCESSOR_IDENTIFIER=Intel64 Family 6 Model 151 Stepping 2, GenuineIntel
TMP=C:\Users\ADMIN\AppData\Local\Temp
TEMP=C:\Users\ADMIN\AppData\Local\Temp




Compilation memory statistics disabled.

Periodic native trim disabled

JNI global refs:
JNI global refs: 26, weak refs: 6

JNI global refs memory usage: 835, weak refs: 833

Process memory usage:
Resident Set Size: 502428K (2% of 24866680K total physical memory with 1342284K free physical memory)

OOME stack traces (most recent first):
Classloader memory used:
Loader org.gradle.internal.classloader.VisitableURLClassLoader                         : 38950 K
Loader bootstrap                                                                       : 28024 K
Loader org.gradle.internal.classloader.VisitableURLClassLoader$InstrumentingVisitableURLClassLoader: 21993 K
Loader org.gradle.initialization.MixInLegacyTypesClassLoader                           : 9771 K
Loader jdk.internal.loader.ClassLoaders$AppClassLoader                                 : 8795 K
Loader jdk.internal.loader.ClassLoaders$PlatformClassLoader                            : 626 K
Loader jdk.internal.jrtfs.JrtFileSystemProvider$JrtFsLoader                            : 284 K
Loader org.gradle.internal.classloader.VisitableURLClassLoader                         : 38872 B

Classes loaded by more than one classloader:
Class com.google.common.collect.RegularImmutableMap$KeySet                            : loaded 2 times (x 154B)
Class com.google.common.base.PairwiseEquivalence                                      : loaded 2 times (x 85B)
Class com.google.common.base.Equivalence$Identity                                     : loaded 2 times (x 84B)
Class org.gradle.internal.classloader.FilteringClassLoader                            : loaded 2 times (x 106B)
Class jdk.internal.jimage.BasicImageReader                                            : loaded 2 times (x 97B)
Class [Lcom.google.common.collect.MapMakerInternalMap$Segment;                        : loaded 2 times (x 71B)
Class com.google.common.io.FileWriteMode                                              : loaded 2 times (x 81B)
Class [Lcom.google.common.base.AbstractIterator$State;                                : loaded 2 times (x 71B)
Class com.google.common.base.CharMatcher$IsEither                                     : loaded 2 times (x 113B)
Class org.gradle.internal.classloader.ClassLoaderHierarchy                            : loaded 2 times (x 72B)
Class com.google.common.collect.ImmutableList$1                                       : loaded 2 times (x 99B)
Class com.google.common.collect.ImmutableEnumSet                                      : loaded 2 times (x 148B)
Class com.google.common.util.concurrent.ExecutionError                                : loaded 2 times (x 84B)
Class com.google.common.collect.AbstractMapBasedMultimap$WrappedCollection            : loaded 2 times (x 126B)
Class com.google.common.collect.RegularImmutableMap                                   : loaded 2 times (x 122B)
Class com.google.common.collect.ImmutableMap$MapViewOfValuesAsSingletonSets           : loaded 2 times (x 128B)
Class [Lorg.objectweb.asm.Symbol;                                                     : loaded 2 times (x 71B)
Class org.objectweb.asm.ClassVisitor                                                  : loaded 2 times (x 90B)
Class com.google.common.collect.TransformedListIterator                               : loaded 2 times (x 95B)
Class com.google.common.collect.UnmodifiableListIterator                              : loaded 2 times (x 97B)
Class org.objectweb.asm.MethodTooLargeException                                       : loaded 2 times (x 84B)
Class com.google.common.collect.MapMakerInternalMap$StrongKeyDummyValueEntry$LinkedStrongKeyDummyValueEntry: loaded 2 times (x 84B)
Class com.google.common.collect.MapMakerInternalMap$Strength                          : loaded 2 times (x 82B)
Class com.google.common.base.Platform$JdkPatternCompiler                              : loaded 2 times (x 77B)
Class [Lcom.google.common.cache.CacheBuilder$OneWeigher;                              : loaded 2 times (x 71B)
Class com.google.common.base.Suppliers                                                : loaded 2 times (x 73B)
Class org.gradle.internal.classloader.DefaultClassLoaderFactory                       : loaded 2 times (x 84B)
Class [Lcom.google.common.collect.AbstractIterator$State;                             : loaded 2 times (x 71B)
Class org.apache.commons.io.file.PathUtils                                            : loaded 2 times (x 73B)
Class com.google.common.base.CharMatcher$None                                         : loaded 2 times (x 114B)
Class [Lcom.google.common.collect.ImmutableMapEntry;                                  : loaded 2 times (x 71B)
Class [Lorg.apache.commons.io.StandardLineSeparator;                                  : loaded 2 times (x 71B)
Class org.apache.commons.io.output.StringBuilderWriter                                : loaded 2 times (x 102B)
Class com.google.common.collect.ImmutableEnumMap                                      : loaded 2 times (x 128B)
Class com.google.common.collect.ListMultimap                                          : loaded 2 times (x 72B)
Class org.objectweb.asm.AnnotationVisitor                                             : loaded 2 times (x 80B)
Class com.google.common.collect.Iterators$EmptyModifiableIterator                     : loaded 2 times (x 88B)
Class com.google.common.collect.Sets$1                                                : loaded 2 times (x 143B)
Class com.google.common.base.Splitter                                                 : loaded 2 times (x 74B)
Class org.gradle.api.internal.DefaultClassPathProvider                                : loaded 2 times (x 78B)
Class org.apache.commons.io.FilenameUtils                                             : loaded 2 times (x 73B)
Class com.google.common.collect.MapMakerInternalMap$Strength$1                        : loaded 2 times (x 82B)
Class com.google.common.collect.Maps$ViewCachingAbstractMap                           : loaded 2 times (x 127B)
Class com.google.common.collect.Sets$2                                                : loaded 2 times (x 143B)
Class [Lorg.gradle.api.internal.ClassPathProvider;                                    : loaded 2 times (x 71B)
Class org.gradle.api.internal.ClassPathProvider                                       : loaded 2 times (x 72B)
Class com.google.common.collect.MapMakerInternalMap$Strength$2                        : loaded 2 times (x 82B)
Class com.google.common.collect.Sets$3                                                : loaded 2 times (x 143B)
Class com.google.common.base.AbstractIterator$State                                   : loaded 2 times (x 81B)
Class com.google.common.cache.LocalCache$LocalLoadingCache                            : loaded 2 times (x 136B)
Class org.gradle.internal.service.UnknownServiceException                             : loaded 2 times (x 85B)
Class org.objectweb.asm.ModuleVisitor                                                 : loaded 2 times (x 83B)
Class com.google.common.collect.MapMakerInternalMap$StrongValueEntry                  : loaded 2 times (x 72B)
Class com.google.common.collect.Sets$4                                                : loaded 2 times (x 143B)
Class com.google.common.cache.LocalCache$Strength$1                                   : loaded 2 times (x 83B)
Class org.apache.commons.io.output.QueueOutputStream                                  : loaded 2 times (x 89B)
Class com.google.common.util.concurrent.SettableFuture                                : loaded 2 times (x 116B)
Class com.google.common.cache.LocalCache$Strength$2                                   : loaded 2 times (x 83B)
Class com.google.common.collect.Interners$InternerImpl                                : loaded 2 times (x 77B)
Class com.google.common.collect.Interner                                              : loaded 2 times (x 72B)
Class com.google.common.collect.TransformedIterator                                   : loaded 2 times (x 82B)
Class com.google.common.base.Splitter$1                                               : loaded 2 times (x 79B)
Class com.google.common.cache.LocalCache$Strength$3                                   : loaded 2 times (x 83B)
Class com.google.common.collect.MapDifference                                         : loaded 2 times (x 72B)
Class org.objectweb.asm.FieldWriter                                                   : loaded 2 times (x 79B)
Class com.google.common.collect.MapMaker$Dummy                                        : loaded 2 times (x 81B)
Class com.google.common.cache.CacheBuilder$NullListener                               : loaded 2 times (x 84B)
Class org.gradle.internal.classpath.TransformedClassPath                              : loaded 2 times (x 98B)
Class org.gradle.internal.classloader.InstrumentingClassLoader                        : loaded 2 times (x 72B)
Class org.apache.commons.io.output.UnsynchronizedByteArrayOutputStream                : loaded 2 times (x 104B)
Class com.google.common.collect.Iterators$ArrayItr                                    : loaded 2 times (x 99B)
Class com.google.common.cache.CacheLoader$FunctionToCacheLoader                       : loaded 2 times (x 77B)
Class com.google.common.collect.ImmutableCollection$Builder                           : loaded 2 times (x 78B)
Class com.google.common.collect.BaseImmutableMultimap                                 : loaded 2 times (x 125B)
Class org.apache.commons.io.output.ByteArrayOutputStream                              : loaded 2 times (x 104B)
Class com.google.common.base.Joiner                                                   : loaded 2 times (x 82B)
Class com.google.common.base.MoreObjects                                              : loaded 2 times (x 73B)
Class com.google.common.collect.Platform                                              : loaded 2 times (x 73B)
Class com.google.common.collect.UnmodifiableIterator                                  : loaded 2 times (x 82B)
Class org.gradle.internal.service.ServiceLocator                                      : loaded 2 times (x 72B)
Class jdk.internal.jrtfs.JrtFileSystemProvider                                        : loaded 2 times (x 103B)
Class com.google.common.collect.SingletonImmutableBiMap                               : loaded 2 times (x 145B)
Class org.apache.commons.io.FileExistsException                                       : loaded 2 times (x 84B)
Class com.google.common.collect.Iterators$SingletonIterator                           : loaded 2 times (x 83B)
Class com.google.common.cache.LocalCache$1                                            : loaded 2 times (x 91B)
Class com.google.common.collect.AbstractMapEntry                                      : loaded 2 times (x 83B)
Class org.apache.commons.io.function.IOSupplier                                       : loaded 2 times (x 72B)
Class com.google.common.collect.ImmutableList$Builder                                 : loaded 2 times (x 79B)
Class com.google.common.collect.AbstractSetMultimap                                   : loaded 2 times (x 175B)
Class com.google.common.collect.MapMakerInternalMap$AbstractStrongKeyEntry            : loaded 2 times (x 82B)
Class com.google.common.collect.Sets$ImprovedAbstractSet                              : loaded 2 times (x 137B)
Class com.google.common.cache.LocalCache$2                                            : loaded 2 times (x 144B)
Class com.google.common.collect.AbstractMultimap                                      : loaded 2 times (x 125B)
Class com.google.common.collect.RegularImmutableAsList                                : loaded 2 times (x 219B)
Class com.google.common.base.Optional                                                 : loaded 2 times (x 82B)
Class com.google.common.collect.Iterators                                             : loaded 2 times (x 73B)
Class com.google.common.util.concurrent.AbstractFuture$Trusted                        : loaded 2 times (x 72B)
Class jdk.internal.jimage.ImageLocation                                               : loaded 2 times (x 92B)
Class com.google.common.io.ByteSink$AsCharSink                                        : loaded 2 times (x 82B)
Class com.google.common.collect.Lists$StringAsImmutableList                           : loaded 2 times (x 209B)
Class com.google.common.util.concurrent.UncheckedExecutionException                   : loaded 2 times (x 84B)
Class jdk.internal.jimage.ImageBufferCache$1                                          : loaded 2 times (x 84B)
Class org.objectweb.asm.ClassWriter                                                   : loaded 2 times (x 107B)
Class com.google.common.collect.AbstractMapBasedMultimap$KeySet$1                     : loaded 2 times (x 84B)
Class com.google.common.base.CharMatcher$And                                          : loaded 2 times (x 114B)
Class com.google.common.cache.CacheLoader$UnsupportedLoadingOperationException        : loaded 2 times (x 84B)
Class jdk.internal.jimage.ImageBufferCache$2                                          : loaded 2 times (x 93B)
Class com.google.common.collect.FluentIterable$1                                      : loaded 2 times (x 83B)
Class org.objectweb.asm.FieldVisitor                                                  : loaded 2 times (x 79B)
Class com.google.common.base.Objects                                                  : loaded 2 times (x 73B)
Class com.google.common.collect.IndexedImmutableSet                                   : loaded 2 times (x 154B)
Class com.google.common.collect.ImmutableMap$1                                        : loaded 2 times (x 83B)
Class com.google.common.collect.BiMap                                                 : loaded 2 times (x 72B)
Class org.gradle.api.internal.classpath.DefaultModuleRegistry$DefaultModule           : loaded 2 times (x 84B)
Class com.google.common.base.Absent                                                   : loaded 2 times (x 82B)
Class com.google.common.collect.FluentIterable$2                                      : loaded 2 times (x 83B)
Class com.google.common.collect.AbstractIterator                                      : loaded 2 times (x 84B)
Class com.google.common.collect.FluentIterable$3                                      : loaded 2 times (x 83B)
Class com.google.common.math.MathPreconditions                                        : loaded 2 times (x 73B)
Class com.google.common.collect.ObjectArrays                                          : loaded 2 times (x 73B)
Class com.google.common.collect.AbstractIndexedListIterator                           : loaded 2 times (x 98B)
Class com.google.common.collect.ArrayListMultimapGwtSerializationDependencies         : loaded 2 times (x 173B)
Class com.google.common.collect.Multiset                                              : loaded 2 times (x 72B)
Class org.apache.commons.io.output.NullOutputStream                                   : loaded 2 times (x 87B)
Class com.google.common.collect.ImmutableMapEntrySet                                  : loaded 2 times (x 154B)
Class org.gradle.api.internal.classpath.Module                                        : loaded 2 times (x 72B)
Class com.google.common.cache.Weigher                                                 : loaded 2 times (x 72B)
Class org.gradle.api.internal.classpath.UnknownModuleException                        : loaded 2 times (x 84B)
Class jdk.internal.jimage.ImageHeader                                                 : loaded 2 times (x 73B)
Class org.apache.commons.io.Charsets                                                  : loaded 2 times (x 73B)
Class com.google.common.base.Stopwatch                                                : loaded 2 times (x 74B)
Class com.google.common.cache.LocalCache$Strength                                     : loaded 2 times (x 83B)
Class com.google.common.cache.Cache                                                   : loaded 2 times (x 72B)
Class org.apache.commons.io.filefilter.IOFileFilter                                   : loaded 2 times (x 72B)
Class com.google.common.collect.ImmutableMap$Builder                                  : loaded 2 times (x 84B)
Class com.google.common.base.NullnessCasts                                            : loaded 2 times (x 73B)
Class com.google.common.util.concurrent.AbstractFuture$Cancellation                   : loaded 2 times (x 74B)
Class com.google.common.base.Present                                                  : loaded 2 times (x 83B)
Class com.google.common.collect.AbstractMapBasedMultimap$WrappedCollection$WrappedIterator: loaded 2 times (x 86B)
Class com.google.common.cache.RemovalListener                                         : loaded 2 times (x 72B)
Class org.gradle.api.internal.DefaultClassPathRegistry                                : loaded 2 times (x 78B)
Class org.apache.commons.io.file.DeleteOption                                         : loaded 2 times (x 72B)
Class com.google.common.collect.Multimap                                              : loaded 2 times (x 72B)
Class org.gradle.internal.classpath.DefaultClassPath$ImmutableUniqueList              : loaded 2 times (x 201B)
Class org.gradle.api.internal.ClassPathRegistry                                       : loaded 2 times (x 72B)
Class com.google.common.collect.MapMakerInternalMap$Segment                           : loaded 2 times (x 143B)
Class org.apache.commons.io.IOUtils                                                   : loaded 2 times (x 73B)
Class com.google.common.base.ExtraObjectsMethodsForWeb                                : loaded 2 times (x 73B)
Class com.google.common.io.ByteSink                                                   : loaded 2 times (x 78B)
Class com.google.common.collect.SingletonImmutableList                                : loaded 2 times (x 209B)
Class com.google.common.cache.CacheBuilder                                            : loaded 2 times (x 74B)
Class org.gradle.internal.classpath.ClassPath                                         : loaded 2 times (x 72B)
Class com.google.common.collect.Interners$InternerBuilder                             : loaded 2 times (x 78B)
Class com.google.common.io.Files$FileByteSource                                       : loaded 2 times (x 87B)
Class com.google.common.collect.ImmutableList$ReverseImmutableList                    : loaded 2 times (x 211B)
Class com.google.common.base.JdkPattern                                               : loaded 2 times (x 77B)
Class org.objectweb.asm.SymbolTable$Entry                                             : loaded 2 times (x 75B)
Class org.gradle.api.internal.classpath.DefaultModuleRegistry$DefaultModuleAlias      : loaded 2 times (x 82B)
Class jdk.internal.jimage.ImageStringsReader                                          : loaded 2 times (x 82B)
Class com.google.common.collect.Iterators$1                                           : loaded 2 times (x 83B)
Class com.google.common.base.Suppliers$SupplierOfInstance                             : loaded 2 times (x 81B)
Class com.google.common.cache.LocalCache$ComputingValueReference                      : loaded 2 times (x 98B)
Class com.google.common.collect.ImmutableMap$IteratorBasedImmutableMap                : loaded 2 times (x 128B)
Class com.google.common.collect.SingletonImmutableSet                                 : loaded 2 times (x 148B)
Class jdk.internal.jimage.ImageReader                                                 : loaded 2 times (x 77B)
Class com.google.common.cache.LocalCache$Segment                                      : loaded 2 times (x 155B)
Class jdk.internal.jimage.ImageReader$SharedImageReader                               : loaded 2 times (x 97B)
Class [Lorg.objectweb.asm.SymbolTable$Entry;                                          : loaded 2 times (x 71B)
Class com.google.common.collect.ImmutableBiMap                                        : loaded 2 times (x 145B)
Class com.google.common.collect.Iterators$4                                           : loaded 2 times (x 84B)
Class com.google.common.cache.CacheLoader                                             : loaded 2 times (x 76B)
Class com.google.common.collect.AbstractListMultimap                                  : loaded 2 times (x 173B)
Class org.gradle.api.internal.classpath.ModuleRegistry                                : loaded 2 times (x 72B)
Class org.gradle.internal.installation.GradleInstallation$1                           : loaded 2 times (x 77B)
Class com.google.common.collect.ImmutableSet$JdkBackedSetBuilderImpl                  : loaded 2 times (x 78B)
Class org.apache.commons.io.output.NullWriter                                         : loaded 2 times (x 101B)
Class com.google.common.base.Splitter$SplittingIterator                               : loaded 2 times (x 85B)
Class com.google.common.collect.Iterators$5                                           : loaded 2 times (x 84B)
Class com.google.common.util.concurrent.internal.InternalFutureFailureAccess          : loaded 2 times (x 74B)
Class com.google.common.base.CharMatcher$ForPredicate                                 : loaded 2 times (x 114B)
Class com.google.common.cache.LocalCache$LocalManualCache$1                           : loaded 2 times (x 77B)
Class jdk.internal.jimage.ImageReader$Node                                            : loaded 2 times (x 86B)
Class com.google.common.base.CharMatcher$AnyOf                                        : loaded 2 times (x 114B)
Class com.google.common.collect.ImmutableCollection                                   : loaded 2 times (x 127B)
Class org.gradle.api.internal.classpath.DefaultModuleRegistry                         : loaded 2 times (x 86B)
Class jdk.internal.jimage.BasicImageReader$1                                          : loaded 2 times (x 79B)
Class com.google.common.collect.Lists                                                 : loaded 2 times (x 73B)
Class com.google.common.util.concurrent.ListenableFuture                              : loaded 2 times (x 72B)
Class com.google.common.cache.ReferenceEntry                                          : loaded 2 times (x 72B)
Class com.google.common.base.Converter                                                : loaded 2 times (x 92B)
Class com.google.common.collect.ImmutableSet$CachingAsList                            : loaded 2 times (x 150B)
Class com.google.common.collect.Iterators$9                                           : loaded 2 times (x 83B)
Class com.google.common.util.concurrent.AbstractFuture                                : loaded 2 times (x 108B)
Class com.google.common.base.FunctionalEquivalence                                    : loaded 2 times (x 85B)
Class com.google.common.collect.AbstractMapBasedMultimap                              : loaded 2 times (x 140B)
Class com.google.common.collect.ImmutableAsList                                       : loaded 2 times (x 211B)
Class org.objectweb.asm.RecordComponentVisitor                                        : loaded 2 times (x 79B)
Class com.google.common.cache.CacheLoader$SupplierToCacheLoader                       : loaded 2 times (x 77B)
Class jdk.internal.jimage.decompressor.Decompressor                                   : loaded 2 times (x 74B)
Class com.google.common.collect.Maps$EntryTransformer                                 : loaded 2 times (x 72B)
Class org.gradle.internal.service.ServiceLookupException                              : loaded 2 times (x 84B)
Class [Lcom.google.common.cache.LocalCache$EntryFactory;                              : loaded 2 times (x 71B)
Class org.gradle.internal.classloader.ClassLoaderFactory                              : loaded 2 times (x 72B)
Class org.apache.commons.io.CloseableURLConnection                                    : loaded 2 times (x 118B)
Class com.google.common.base.CharMatcher$IsNot                                        : loaded 2 times (x 113B)
Class com.google.common.base.CommonPattern                                            : loaded 2 times (x 76B)
Class com.google.common.cache.LocalCache$LocalManualCache                             : loaded 2 times (x 101B)
Class org.gradle.internal.service.CachingServiceLocator                               : loaded 2 times (x 84B)
Class com.google.common.math.IntMath                                                  : loaded 2 times (x 73B)
Class com.google.common.collect.AbstractMapBasedMultimap$KeySet                       : loaded 2 times (x 139B)
Class com.google.common.collect.MapMakerInternalMap$InternalEntry                     : loaded 2 times (x 72B)
Class com.google.common.collect.ImmutableMapEntry                                     : loaded 2 times (x 87B)
Class com.google.common.collect.ImmutableMultimap                                     : loaded 2 times (x 148B)
Class com.google.common.collect.ImmutableMapEntry$NonTerminalImmutableMapEntry        : loaded 2 times (x 87B)
Class com.google.common.base.Equivalence                                              : loaded 2 times (x 84B)
Class com.google.common.base.Function                                                 : loaded 2 times (x 72B)
Class com.google.common.collect.IndexedImmutableSet$1                                 : loaded 2 times (x 215B)
Class org.apache.commons.io.output.AbstractByteArrayOutputStream                      : loaded 2 times (x 104B)
Class com.google.common.collect.RegularImmutableList                                  : loaded 2 times (x 215B)
Class com.google.common.cache.CacheBuilder$OneWeigher                                 : loaded 2 times (x 84B)
Class jdk.internal.jimage.ImageBufferCache                                            : loaded 2 times (x 73B)
Class jdk.internal.jrtfs.JrtPath                                                      : loaded 2 times (x 124B)
Class org.gradle.internal.classloader.ClasspathUtil                                   : loaded 2 times (x 73B)
Class com.google.common.util.concurrent.Uninterruptibles                              : loaded 2 times (x 73B)
Class com.google.common.collect.AbstractMapBasedMultimap$WrappedSet                   : loaded 2 times (x 144B)
Class com.google.common.util.concurrent.LazyLogger                                    : loaded 2 times (x 74B)
Class com.google.common.collect.Maps                                                  : loaded 2 times (x 73B)
Class org.gradle.api.specs.Spec                                                       : loaded 2 times (x 72B)
Class com.google.common.collect.MapMaker                                              : loaded 2 times (x 74B)
Class org.apache.commons.io.file.PathFilter                                           : loaded 2 times (x 72B)
Class [Lcom.google.common.collect.ImmutableEntry;                                     : loaded 2 times (x 71B)
Class com.google.common.cache.LocalCache$LoadingValueReference                        : loaded 2 times (x 98B)
Class com.google.common.collect.MapMakerInternalMap$StrongKeyDummyValueEntry          : loaded 2 times (x 84B)
Class com.google.common.base.Platform                                                 : loaded 2 times (x 73B)
Class jdk.internal.jimage.ImageReader$Directory                                       : loaded 2 times (x 86B)
Class com.google.common.collect.AbstractMapBasedMultimap$WrappedList                  : loaded 2 times (x 207B)
Class com.google.common.collect.Maps$8                                                : loaded 2 times (x 84B)
Class [Lcom.google.common.collect.Iterators$EmptyModifiableIterator;                  : loaded 2 times (x 71B)
Class com.google.common.collect.Sets$SetView                                          : loaded 2 times (x 141B)
Class com.google.common.cache.LocalCache$StrongValueReference                         : loaded 2 times (x 92B)
Class org.objectweb.asm.Type                                                          : loaded 2 times (x 74B)
Class com.google.common.graph.SuccessorsFunction                                      : loaded 2 times (x 72B)
Class org.gradle.internal.classloader.VisitableURLClassLoader$InstrumentingVisitableURLClassLoader: loaded 2 times (x 124B)
Class org.objectweb.asm.ByteVector                                                    : loaded 2 times (x 81B)
Class com.google.common.math.IntMath$1                                                : loaded 2 times (x 73B)
Class com.google.common.collect.MapMakerInternalMap$StrongKeyDummyValueEntry$Helper   : loaded 2 times (x 81B)
Class com.google.common.io.Files$FileByteSink                                         : loaded 2 times (x 79B)
Class org.apache.commons.io.FileUtils                                                 : loaded 2 times (x 73B)
Class [Lcom.google.common.cache.CacheBuilder$NullListener;                            : loaded 2 times (x 71B)
Class org.gradle.internal.classloader.VisitableURLClassLoader$Spec                    : loaded 2 times (x 76B)
Class org.gradle.internal.classpath.DefaultClassPath                                  : loaded 2 times (x 92B)
Class org.objectweb.asm.Symbol                                                        : loaded 2 times (x 75B)
Class com.google.common.base.AbstractIterator                                         : loaded 2 times (x 82B)
Class com.google.common.io.Closer                                                     : loaded 2 times (x 80B)
Class com.google.common.collect.RegularImmutableMap$Values                            : loaded 2 times (x 209B)
Class com.google.common.base.CharMatcher$BitSetMatcher                                : loaded 2 times (x 114B)
Class com.google.common.collect.ImmutableSet                                          : loaded 2 times (x 147B)
Class org.gradle.internal.classloader.ClassLoaderSpec                                 : loaded 2 times (x 73B)
Class org.objectweb.asm.AnnotationWriter                                              : loaded 2 times (x 80B)
Class com.google.common.cache.CacheStats                                              : loaded 2 times (x 73B)
Class com.google.common.io.Closer$Suppressor                                          : loaded 2 times (x 72B)
Class org.objectweb.asm.RecordComponentWriter                                         : loaded 2 times (x 79B)
Class com.google.common.collect.Interners                                             : loaded 2 times (x 73B)
Class com.google.common.io.LineProcessor                                              : loaded 2 times (x 72B)
Class com.google.common.base.CharMatcher$Or                                           : loaded 2 times (x 114B)
Class com.google.common.util.concurrent.AbstractFuture$Listener                       : loaded 2 times (x 74B)
Class org.gradle.api.internal.classpath.Module$ModuleAlias                            : loaded 2 times (x 72B)
Class org.objectweb.asm.Attribute                                                     : loaded 2 times (x 79B)
Class com.google.common.base.Supplier                                                 : loaded 2 times (x 72B)
Class org.gradle.internal.classloader.VisitableURLClassLoader                         : loaded 2 times (x 118B)
Class com.google.common.collect.ImmutableList$SerializedForm                          : loaded 2 times (x 75B)
Class org.gradle.internal.Cast                                                        : loaded 2 times (x 73B)
Class org.gradle.api.Action                                                           : loaded 2 times (x 72B)
Class org.objectweb.asm.Handler                                                       : loaded 2 times (x 74B)
Class com.google.common.collect.MapMakerInternalMap                                   : loaded 2 times (x 162B)
Class com.google.common.base.Strings                                                  : loaded 2 times (x 73B)
Class com.google.common.collect.Sets                                                  : loaded 2 times (x 73B)
Class com.google.common.base.CharMatcher$FastMatcher                                  : loaded 2 times (x 113B)
Class com.google.common.base.Ticker                                                   : loaded 2 times (x 74B)
Class [Lcom.google.common.cache.LocalCache$Segment;                                   : loaded 2 times (x 71B)
Class com.google.common.base.Predicate                                                : loaded 2 times (x 72B)
Class [Lcom.google.common.cache.LocalCache$Strength;                                  : loaded 2 times (x 71B)
Class com.google.common.cache.CacheBuilder$1                                          : loaded 2 times (x 87B)
Class com.google.common.collect.ImmutableMap                                          : loaded 2 times (x 122B)
Class org.gradle.internal.classpath.DefaultClassPath$ImmutableUniqueList$Builder      : loaded 2 times (x 77B)
Class com.google.common.collect.MapMakerInternalMap$WeakValueReference                : loaded 2 times (x 72B)
Class com.google.common.base.CharMatcher$NegatedFastMatcher                           : loaded 2 times (x 115B)
Class com.google.common.cache.LocalCache                                              : loaded 2 times (x 188B)
Class com.google.common.cache.CacheBuilder$2                                          : loaded 2 times (x 81B)
Class [Lcom.google.common.collect.AbstractMapEntry;                                   : loaded 2 times (x 71B)
Class com.google.common.collect.ImmutableEntry                                        : loaded 2 times (x 84B)
Class com.google.common.cache.CacheBuilder$3                                          : loaded 2 times (x 74B)
Class com.google.common.collect.ArrayListMultimap                                     : loaded 2 times (x 173B)
Class org.gradle.api.GradleException                                                  : loaded 2 times (x 84B)
Class jdk.internal.jimage.ImageStrings                                                : loaded 2 times (x 72B)
Class org.apache.commons.io.StandardLineSeparator                                     : loaded 2 times (x 81B)
Class com.google.common.collect.CollectPreconditions                                  : loaded 2 times (x 73B)
Class [Lcom.google.common.collect.MapMakerInternalMap$Strength;                       : loaded 2 times (x 71B)
Class [Lcom.google.common.io.FileWriteMode;                                           : loaded 2 times (x 71B)
Class com.google.common.collect.SortedMapDifference                                   : loaded 2 times (x 72B)
Class com.google.common.collect.Iterables$4                                           : loaded 2 times (x 83B)
Class com.google.common.collect.MapMakerInternalMap$StrongKeyDummyValueSegment        : loaded 2 times (x 143B)
Class com.google.common.io.Files                                                      : loaded 2 times (x 73B)
Class com.google.common.cache.LocalCache$EntryFactory                                 : loaded 2 times (x 85B)
Class [Lcom.google.common.collect.MapMaker$Dummy;                                     : loaded 2 times (x 71B)
Class com.google.common.cache.LocalCache$AbstractReferenceEntry                       : loaded 2 times (x 109B)
Class org.gradle.internal.IoActions                                                   : loaded 2 times (x 73B)
Class org.objectweb.asm.SymbolTable                                                   : loaded 2 times (x 74B)
Class com.google.common.collect.ImmutableMapKeySet                                    : loaded 2 times (x 154B)
Class com.google.common.cache.CacheLoader$InvalidCacheLoadException                   : loaded 2 times (x 84B)
Class com.google.common.collect.ImmutableSet$RegularSetBuilderImpl                    : loaded 2 times (x 78B)
Class com.google.common.collect.FluentIterable                                        : loaded 2 times (x 83B)
Class com.google.common.cache.LocalCache$StrongEntry                                  : loaded 2 times (x 110B)
Class com.google.common.util.concurrent.AbstractFuture$TrustedFuture                  : loaded 2 times (x 116B)
Class com.google.common.cache.LoadingCache                                            : loaded 2 times (x 72B)
Class jdk.internal.jrtfs.JrtFileSystem                                                : loaded 2 times (x 104B)
Class org.objectweb.asm.MethodWriter                                                  : loaded 2 times (x 107B)
Class com.google.common.collect.RegularImmutableMap$BucketOverflowException           : loaded 2 times (x 84B)
Class [Lcom.google.common.cache.Weigher;                                              : loaded 2 times (x 71B)
Class com.google.common.collect.AbstractMapBasedMultimap$RandomAccessWrappedList      : loaded 2 times (x 207B)
Class com.google.common.collect.AbstractIterator$State                                : loaded 2 times (x 81B)
Class com.google.common.collect.RegularImmutableBiMap                                 : loaded 2 times (x 150B)
Class com.google.common.base.CharMatcher$Is                                           : loaded 2 times (x 113B)
Class com.google.common.base.CharMatcher$Negated                                      : loaded 2 times (x 115B)
Class com.google.common.cache.LocalCache$ValueReference                               : loaded 2 times (x 72B)
Class com.google.common.base.PatternCompiler                                          : loaded 2 times (x 72B)
Class com.google.common.collect.Hashing                                               : loaded 2 times (x 73B)
Class com.google.common.util.concurrent.AbstractFuture$Failure                        : loaded 2 times (x 74B)
Class com.google.common.base.Equivalence$Equals                                       : loaded 2 times (x 84B)
Class com.google.common.base.Preconditions                                            : loaded 2 times (x 73B)
Class org.objectweb.asm.Label                                                         : loaded 2 times (x 75B)
Class org.objectweb.asm.CurrentFrame                                                  : loaded 2 times (x 75B)
Class org.objectweb.asm.ClassTooLargeException                                        : loaded 2 times (x 84B)
Class com.google.common.collect.ImmutableSetMultimap                                  : loaded 2 times (x 182B)
Class com.google.common.io.CharSink                                                   : loaded 2 times (x 81B)
Class [Lorg.apache.commons.io.file.DeleteOption;                                      : loaded 2 times (x 71B)
Class com.google.common.base.CharMatcher                                              : loaded 2 times (x 113B)
Class com.google.common.collect.PeekingIterator                                       : loaded 2 times (x 72B)
Class com.google.common.base.Joiner$1                                                 : loaded 2 times (x 83B)
Class org.objectweb.asm.Frame                                                         : loaded 2 times (x 75B)
Class org.objectweb.asm.MethodVisitor                                                 : loaded 2 times (x 107B)
Class com.google.common.collect.MapMakerInternalMap$InternalEntryHelper               : loaded 2 times (x 72B)
Class com.google.common.collect.Maps$IteratorBasedAbstractMap                         : loaded 2 times (x 127B)
Class com.google.common.base.CharMatcher$1                                            : loaded 2 times (x 115B)
Class com.google.common.base.CharMatcher$NamedFastMatcher                             : loaded 2 times (x 114B)
Class com.google.common.collect.Table                                                 : loaded 2 times (x 72B)
Class com.google.common.base.Joiner$2                                                 : loaded 2 times (x 82B)
Class com.google.common.cache.LocalCache$EntryFactory$1                               : loaded 2 times (x 85B)
Class [Lcom.google.common.cache.RemovalListener;                                      : loaded 2 times (x 71B)
Class com.google.common.cache.LocalCache$EntryFactory$2                               : loaded 2 times (x 85B)
Class org.objectweb.asm.ModuleWriter                                                  : loaded 2 times (x 83B)
Class com.google.common.collect.ImmutableMapEntrySet$RegularEntrySet                  : loaded 2 times (x 154B)
Class com.google.common.cache.LocalCache$EntryFactory$3                               : loaded 2 times (x 85B)
Class com.google.common.base.Ticker$1                                                 : loaded 2 times (x 74B)
Class com.google.common.collect.Maps$BiMapConverter                                   : loaded 2 times (x 92B)
Class com.google.common.collect.SetMultimap                                           : loaded 2 times (x 72B)
Class com.google.common.base.CharMatcher$InRange                                      : loaded 2 times (x 113B)
Class com.google.common.cache.LocalCache$EntryFactory$4                               : loaded 2 times (x 85B)
Class com.google.common.collect.ImmutableSet$Builder                                  : loaded 2 times (x 87B)
Class com.google.common.cache.LocalCache$EntryFactory$5                               : loaded 2 times (x 85B)
Class org.apache.commons.io.output.AppendableWriter                                   : loaded 2 times (x 102B)
Class com.google.common.cache.LocalCache$EntryFactory$6                               : loaded 2 times (x 85B)
Class org.gradle.internal.installation.CurrentGradleInstallationLocator               : loaded 2 times (x 73B)
Class org.apache.commons.io.output.ThresholdingOutputStream                           : loaded 2 times (x 97B)
Class com.google.common.collect.Maps$KeySet                                           : loaded 2 times (x 139B)
Class com.google.common.cache.LocalCache$EntryFactory$7                               : loaded 2 times (x 85B)
Class com.google.common.collect.ImmutableList                                         : loaded 2 times (x 208B)
Class org.gradle.internal.service.DefaultServiceLocator                               : loaded 2 times (x 85B)
Class com.google.common.collect.Maps$EntrySet                                         : loaded 2 times (x 138B)
Class com.google.common.cache.LocalCache$EntryFactory$8                               : loaded 2 times (x 85B)
Class com.google.common.collect.ImmutableSet$SetBuilderImpl                           : loaded 2 times (x 78B)
Class org.gradle.internal.installation.CurrentGradleInstallation                      : loaded 2 times (x 75B)
Class com.google.common.collect.ForwardingObject                                      : loaded 2 times (x 74B)
Class com.google.common.collect.ImmutableList$SubList                                 : loaded 2 times (x 211B)
Class com.google.common.cache.CacheLoader$1                                           : loaded 2 times (x 77B)
Class org.gradle.util.internal.GUtil                                                  : loaded 2 times (x 73B)
Class com.google.common.io.ByteSource                                                 : loaded 2 times (x 86B)
Class com.google.common.cache.AbstractCache$StatsCounter                              : loaded 2 times (x 72B)
Class com.google.common.collect.MapMakerInternalMap$1                                 : loaded 2 times (x 85B)
Class com.google.common.collect.Iterators$MergingIterator                             : loaded 2 times (x 83B)
Class com.google.common.collect.RegularImmutableSet                                   : loaded 2 times (x 150B)
Class org.gradle.internal.installation.GradleInstallation                             : loaded 2 times (x 77B)
Class com.google.common.base.Splitter$Strategy                                        : loaded 2 times (x 72B)
Class com.google.common.collect.Iterables                                             : loaded 2 times (x 73B)

---------------  S Y S T E M  ---------------

OS:
 Windows 11 , 64 bit Build 26100 (10.0.26100.9444)
OS uptime: 1 days 11:56 hours
Hyper-V role detected

CPU: total 12 (initial active 12) (6 cores per cpu, 2 threads per core) family 6 model 151 stepping 2 microcode 0x35, cx8, cmov, fxsr, ht, mmx, 3dnowpref, sse, sse2, sse3, ssse3, sse4.1, sse4.2, popcnt, lzcnt, tsc, tscinvbit, avx, avx2, aes, erms, clmul, bmi1, bmi2, adx, sha, fma, vzeroupper, clflush, clflushopt, clwb, hv, serialize, rdtscp, rdpid, fsrm, gfni, f16c, cet_ibt, cet_ss
Processor Information for the first 12 processors :
  Max Mhz: 2400, Current Mhz: 2400, Mhz Limit: 2400

Memory: 4k page, system-wide physical 24283M (1312M free)
TotalPageFile size 57665M (AvailPageFile size 18M)
current process WorkingSet (physical memory assigned to process): 491M, peak: 491M
current process commit charge ("private bytes"): 527M, peak: 537M

vm_info: OpenJDK 64-Bit Server VM (25.0.3+-15898627-b508.16) for windows-amd64 JRE (25.0.3+-15898627-b508.16), built on 2026-07-20T17:54:23Z with MS VC++ 16.10 / 16.11 (VS2019)

END.
